matter_id,pd_far_update_source,pd_transition_type,from_code,to_code,from_far_update,to_far_update,far_change_update,far_direction_update,pd_far_value_update,pd_far_role_update,confidence,matter_intro_date,matter_passed_date,review_packet_id,review_row,evidence,notes,reviewer,review_date
SO2011-612,mechanical_text_high,base_to_pd,ML-2,PD,2.2,2.2,0.0,same,2.2,to_far_text,high,2011-01-13,2011-06-08,,,"... nance. The project will provide 6-parkway trees and a green (vegetative) roof over 50% of the roof's net site area (12,096 Square Feet) and achieve LEED Certification to meet the Department's Sustainable Policy. BULK/USE/DENSITY The proposed development has a maximum F.A.R of 2.2 and has a maximum height of forty-six feet, both of which are under the maximums for a B3-5 Community Shopping District. RECOMMENDATION The Department of Housing and Economic Development has reviewed the project materials submitted by the Applicant and have c ...",High-confidence mechanical PD FAR text extraction.,mechanical,
SO2011-1486,chatgpt_review,base_to_pd,RM-5,PD,2.0,1.2,-0.8,downzone,1.2,maximum_permitted_floor_area_ratio,high,2011-03-09,2012-07-25,packet_04,18,Bulk table lists Maximum Permitted Floor Area Ratio: 1.2.,Use whole-PD maximum FAR 1.2.,ChatGPT,2026-07-03
SO2011-2296,mechanical_text_high,base_to_pd,DX-7,PD,7.0,9.4,2.4,upzone,9.4,to_far_text,high,2011-04-13,2012-10-03,,,"... square feet and a base FAR of 7.0 The improvements to be constmcted on the Property will utilize the following series of FAR bonuses: Description (list of all bonuses applied for and calculations) FAR Base FAR: 7.0 Density Bonus: 1.4 Upper Level Setbacks: 1.0 Total FAR: _9A 16. Pursuant to Section 17-4-1004-B of the Zoning Ordinance, the Applicant has requested an increase in the floor area ratio for the Property, as set forth in the bonus worksheet required under Section 17-4-1003-D and attached hereto as Exhibit (""Bonus Worksh ...",High-confidence mechanical PD FAR text extraction.,mechanical,
SO2011-2301,chatgpt_review,base_to_pd,B3-2,PD,2.2,1.15,-1.05,downzone,1.15,maximum_floor_area_ratio,high,2011-04-13,2012-10-31,packet_06,3,Bulk table lists Maximum Floor Area Ratio 1.15.,Use whole-PD maximum FAR 1.15; mechanical 5.0 is not supported by quoted table.,ChatGPT,2026-07-03
SO2011-3974,chatgpt_review,base_to_pd,ML-1,PD,1.2,1.2,0.0,same,1.2,maximum_far,medium,2011-05-04,2011-10-05,packet_03,13,Plan Commission text says project conforms by adhering to the maximum F.A.R of 1.2.,Use stated PD maximum FAR 1.2.,ChatGPT,2026-07-03
SO2011-5466,chatgpt_review,base_to_pd,CL-2,PD,2.2,1.0,-1.2,downzone,1.0,maximum_permitted_far,high,2011-07-06,2011-12-14,packet_04,13,Bulk table lists Maximum Permitted Floor Area Ratio: 1.0.,Use whole-PD maximum FAR 1.0.,ChatGPT,2026-07-03
SO2011-6330,chatgpt_review,base_to_pd,DX-12,PD,12.0,12.0,0.0,same,12.0,maximum_floor_area_ratio,high,2011-07-28,2012-02-15,packet_10,11,Bulk table lists Maximum Floor Area Ratio (FAR) 12.00.,Use whole-PD maximum FAR 12.00.,ChatGPT,2026-07-03
SO2011-8881,mechanical_text_high,base_to_pd,RS-2,PD,0.65,0.5,-0.15,downzone,0.5,to_far_text,high,2011-11-02,2012-05-09,,,"... Table Gross Site Area = Net Site A¡ea r Area Remaining in Public Rights-of-Way 197,545 square feet (4.53 acres): 187,356 square feet (4.30 acre) + 10,189 square feet (.23 acre) Permitted Uses: Elderly housing, related and accessory uses, and accessory parking Maximum Floor Area Ratio: .50 Maximum Number of Dwelling Units: 84 Minimum Number of Off-Street 48 Parking Spaces: Minimum Number of Off-Street 1 Loading Spaces: Setbacks: In accordance with the Site/Landscape Plan Maximum Building Height: 56 feet t 007 3'1 .00001.22936s68.3 aeæ¿ t clTY-O ...",High-confidence mechanical PD FAR text extraction.,mechanical,
SO2012-639,mechanical_text_high,base_to_pd,M2-3,PD,3.0,1.0,-2.0,downzone,1.0,to_far_text,high,2012-02-15,2012-04-24,,,"... HOUSE ADDRESS: 2700 BLOCK OF SOUTH ELEANOR STREET DATE: FEBRUARY 15, 2012 PLAN COMMISSION: MARCH 15,2012 FINAL FOR PUBLICATION Bulk Regulations and Data Tabic PUBLIC RIGHT OF WAY 48,780 square feet (1.12 acres) CROSS SITE AREA 182,155 square feet (4.18 acres) Maximum Floor Area Ratio: 1.0 Minimum Number of Accessory Off-Street Parking Spaces: 14 Minimum Number of Off-Street Loading Spaces: 0 Minimum Number of Bicycle Spaces: A Maximum Building Height: 42'-9"" NET SITE AREA 133,375 square feet (3.06 acres) APPLICANT: CHICAGO PARK DISTRICT ADDRES ...",High-confidence mechanical PD FAR text extraction.,mechanical,
SO2012-2204,chatgpt_review,pd_to_base,PD,B3-3,3.0,3.0,0.0,same,3.0,maximum_permitted_far,high,2012-04-18,2012-06-27,packet_04,3,Bulk table lists TOTAL FAR 3.0 and Maximum Permitted FAR: 3.0.,PD FAR equals target B3-3 FAR; mechanical 7.0 is not supported by the quoted table.,ChatGPT,2026-07-03
SO2012-3240,mechanical_text_high,base_to_pd,DX-7,PD,7.0,12.0,5.0,upzone,12.0,to_far_text,high,2012-04-24,2012-04-24,,,"... PmOK )N GROSS SITE AREA= NET SITE AREA + AREAS REMAINING IN PUBLIC RIGHTS OF WAY 17,805.14 SQ. FT. (0.41 ACRES) = 15,191 SQ. FT. (0.35 ACRES) + 2,61414 SQ. FT. (0.06 ACRES) PERMITTED USES Hotel uses, retail uses, accessory parking, related and accessory uses. MAXIMUM FLOOR AREA RATIO 12 MAXIMUM # OF HOTEL KEYS 615 MAXIMUM # OF OFF-STREET PARKING SPACES MINIMUM # OF OFF-STREET LOADING SPACES 123 2 @ 10 feet x 25 feet each MAXIMUM BUILDING HEIGHT 251.83 feet (269.83 feet to top of structure) APPLICANT: DATE: REVISED: Toyoko Inn Chicago, LLC 32 ...",High-confidence mechanical PD FAR text extraction.,mechanical,
SO2012-3739,chatgpt_review,base_to_pd,ML-2,PD,2.2,0.15,-2.05,downzone,0.15,overall_maximum_far,high,2012-06-06,2012-09-12,packet_04,5,"Bulk table lists Maximum FAR Phase I 0.01, Phase II 0.12, Overall 0.15.","Use overall PD FAR 0.15, not phase value 0.12.",ChatGPT,2026-07-03
SO2012-4964,mechanical_text_high,base_to_pd,DS-5,PD,5.0,9.65,4.65,upzone,9.65,to_far_text,high,2012-07-25,2012-12-12,,,"... and an additional floor area bonus of 1.65 through the Affordable Housing Bonus via a cash payment of $1,675,132.80 to the City of Chicago Affordable Housing Opportunity Fund. The base F.A.R of 7.0 and the two F.A.R bonuses will allow the project to achieve a maximum F.A.R. of 9.65. RECOMMENDATION The Department of Housing and Economic Development has reviewed the project materials submitted by the Applicant and have concluded that the proposed development would be appropriate for the site for the following reasons: The project complies ...",High-confidence mechanical PD FAR text extraction.,mechanical,
SO2012-8202,chatgpt_review,base_to_pd,DX-12,PD,12.0,13.57,1.57,upzone,13.57,total_far,high,2012-12-12,2013-05-08,packet_03,14,"Bulk table lists Base FAR 12.0, Upper Level Setbacks 1.23, Green Roofs 0.34, TOTAL FAR 13.57.",Use total PD FAR including bonuses.,ChatGPT,2026-07-03
SO2012-8207,chatgpt_review,base_to_pd,ML-2,PD,2.2,1.348,-0.852,downzone,1.348,overall_maximum_far,high,2012-12-12,2013-04-10,packet_01,4,Bulk table lists Overall Maximum FAR: 1.348; Subarea A 1.2 and Subarea B 1.5.,"Use overall FAR, not subarea FAR values.",ChatGPT,2026-07-03
SO2013-784,mechanical_text_high,base_to_pd,DX-7,PD,7.0,8.32,1.32,upzone,8.32,to_far_text,high,2013-02-13,2014-02-05,,,"... DATA TABLE GROSS SITE AREA = Net Site Area + Area remaining in the public right-of-way 31,879.00 sq. ft. (0.73 acres) = 23,347.00 sq. ft. (0.54 acres) + 8,532.00 sq. ft. (0.20 acres) FAR: Base FAR: 7.00 Upper Level Setbacks 0.32 Affordable Housing 1.00 Total Maximum F.A.R: 8.32 SETBACKS FROM PROPERTY LINE Randolph Street: None East Property Line: None Court Place: None West Property Line: None MAXIMUM PERCEN TAGE OF SITE COVERAGE: Per Site Plan MAXIMUM NUMBER OF UNITS: 220 MINIMUM NUMBER OF ACCESSORY OFF-STREET PARKING: 154 spaces M ...",High-confidence mechanical PD FAR text extraction.,mechanical,
SO2013-788,mechanical_text_high,base_to_pd,DC-16,PD,16.0,18.4,2.4,upzone,18.4,to_far_text,high,2013-02-13,2013-07-24,,,"... - 15 S. Dearborn St./35 - 39 W. Van Buren St. INTRODUCED: February 13, 2013 PLAN COMMISSION: July 18, 2013 FINAL FOR PUBLICATION The improvements on the Property will utilize the following FAR bonuses: Description FAR Base FAR: 16.00 Affordable Housing: 2.40 Total FAR: 18.40 The calculation of the additional Floor Area Ratio obtained through the series of proposed Bonuses is as follows: Affordable Housing = 24,417.6 s.f x 0.80 x $31 = $605,556.48 10. The Applicant acknowledges and agrees that the rezoning of the Property from DX- ...",High-confidence mechanical PD FAR text extraction.,mechanical,
SO2013-4161,chatgpt_review,base_to_pd,RM-5,PD,2.0,0.54,-1.46,downzone,0.54,maximum_floor_area_ratio,high,2013-06-05,2015-09-24,packet_04,12,Bulk Regulation Table lists Maximum Floor Area Ratio 0.54.,"Original districts include RM-5 and B3-3; using parsed RM-5 from FAR 2.0, final PD FAR is 0.54.",ChatGPT,2026-07-03
SO2013-5522,chatgpt_review,base_to_pd,DX-7,PD,7.0,8.75,1.75,upzone,8.75,maximum_floor_area_ratio,high,2013-07-24,2014-02-05,packet_06,18,"Bulk table lists Maximum Floor Area Ratio 8.75, Base FAR 7.00, and FAR Bonuses 1.75.",Use whole-PD maximum FAR including bonus.,ChatGPT,2026-07-03
SO2013-6089,chatgpt_review,base_to_pd,DX-16,PD,16.0,16.0,0.0,same,16.0,maximum_floor_area_ratio,high,2013-09-11,2013-12-11,packet_07,18,Bulk table lists Maximum Floor Area Ratio (FAR): 16.,Use whole-PD maximum FAR 16.0.,ChatGPT,2026-07-03
SO2013-7544,chatgpt_review,base_to_pd,C2-3,PD,3.0,3.0,0.0,same,3.0,max_site_far,high,2013-10-16,2014-02-05,packet_05,11,"Bulk table states MAX SITE FAR: 95,964 SF/31,988 SF = 3.0 FAR.",Use whole-site PD FAR 3.0; mechanical 16.0 is not supported by quoted table.,ChatGPT,2026-07-03
SO2013-8384,chatgpt_review,base_to_pd,RS-3,PD,0.9,3.5,2.6,upzone,3.5,maximum_floor_area_ratio,high,2013-11-13,2014-04-30,packet_06,10,Bulk table lists Maximum Floor Area Ratio 3.50.,Original districts include RS-3 and B1-3; retained parsed RS-3 FAR 0.9.,ChatGPT,2026-07-03
SO2013-9419,chatgpt_review,base_to_pd,DC-16,PD,16.0,18.07,2.07,upzone,18.07,maximum_floor_area_ratio,high,2013-12-11,2014-04-30,packet_02,18,Bulk table lists Maximum Floor Area Ratio (FAR) 18.07; Sub-Area A 25.81 and Sub-Area B 7.24.,"Use whole-project maximum FAR 18.07, not subarea FAR values.",ChatGPT,2026-07-03
SO2014-31,chatgpt_review,base_to_pd,CL-2,PD,2.2,0.35,-1.85,downzone,0.35,maximum_floor_area_ratio,high,2014-01-15,2014-06-25,packet_04,9,"Bulk table lists Maximum Floor Area Ratio total .35, Sub Area A .35, Sub Area B .35.",Use total PD FAR 0.35.,ChatGPT,2026-07-03
SO2014-831,chatgpt_review,base_to_pd,CL-2,PD,2.2,5.0,2.8,upzone,5.0,overall_maximum_far,high,2014-02-05,2014-05-28,packet_01,8,"Bulk table lists Sub-Area A 13.14 FAR, Sub-Area B 1.17 FAR, and Overall 5.00.",Mechanical 13.14 is subarea FAR; whole-PD overall FAR is 5.00.,ChatGPT,2026-07-03
SO2014-832,mechanical_text_high,base_to_pd,DX-16,PD,16.0,17.18,1.18,upzone,17.18,to_far_text,high,2014-02-05,2014-10-08,,,"... has been determined using a Net Site Area of 21,103 square feet and a base FAR of 16. The improvements to be constructed on the Property will utilize the following series of FAR bonuses: Base FAR: "" ' 16.00 Upper-Level Setbacks: 0.84 Affordable Housing: 0.34 Total FAR: 17.18 Pursuant to the Affordable Housing Bonus provisions of Section 17-4-1004 ofthe Zoning Ordinance, the Applicant has requested an increase in the floor area of the Property. Prior to the issuance of any building permits authorizing the construction of any impro ...",High-confidence mechanical PD FAR text extraction.,mechanical,
SO2014-1433,mechanical_text_high,base_to_pd,RS-1,PD,0.5,0.5,0.0,same,0.5,to_far_text,high,2014-03-05,2014-05-28,,,"... lle; 6934-58 N. Hiawatha Avenue; 6871-6895 N. Leoti; 6852-6892 N. Mendota FINAL FOR PUBLICATION INSTITUTIONAL PLANNED DEVELOPMENT BULK REGULATION AND DATA TABLE Gross Site Area: 246,704.64 SF Net Site Area: 195,224.22 SF Public Right of Way Area: 51,480.42 SF Maximum Floor Area Ratio: 0.50 Minimum Number of Off-Street Loading Berths: 1 at 10' x 25' Minimum Number of Off-Street Parking Spaces: 38 Minimum Number of Bicycle Parking Spaces: 4 Maximum Building Height: 44' Minimum Required Setback: Per Site Plan FINAL FOR PUBLICATION INSTITUTIONAL PL ...",High-confidence mechanical PD FAR text extraction.,mechanical,
SO2014-1450,chatgpt_review,base_to_pd,B1-5,PD,5.0,5.0,0.0,same,5.0,total_far,high,2014-03-05,2015-03-18,packet_05,1,"Bulk table lists Sub Area A 4.37 FAR, Sub Area B 0.63 FAR, and TOTAL FAR 5.0.","Use total PD FAR 5.0, not subarea value 4.37.",ChatGPT,2026-07-03
SO2014-2335,chatgpt_review,base_to_pd,CL-2,PD,2.2,3.5,1.3,upzone,3.5,maximum_floor_area_ratio,high,2014-04-02,2015-01-21,packet_05,7,Bulk table lists Maximum Floor Area Ratio 3.50.,Use whole-PD maximum FAR 3.50; mechanical 24 is parking count.,ChatGPT,2026-07-03
SO2014-2336,chatgpt_review,base_to_pd,DX-7,PD,7.0,11.15,4.15,upzone,11.15,total_far,high,2014-04-02,2014-09-10,packet_02,3,Statement lists Total FAR: 11.15 after bonus components including affordable housing 1.75 and adopt-a-landmark 1.40.,"Use total PD FAR, not maximum height or other table values.",ChatGPT,2026-07-03
SO2014-2337,chatgpt_review,base_to_pd,CL-3,PD,3.0,3.0,0.0,same,3.0,maximum_floor_area_ratio,high,2014-04-02,2014-06-25,packet_04,6,Bulk table lists Maximum Floor Area Ratio: 3.00.,"Original districts are C1-3/C2-3, both FAR 3.0; final PD FAR is 3.0.",ChatGPT,2026-07-03
SO2014-2338,chatgpt_review,base_to_pd,ML-1,PD,1.2,2.2,1.0,upzone,2.2,maximum_floor_area_ratio,high,2014-04-02,2014-11-05,packet_07,5,Bulk table lists Maximum Floor Area Ratio 2.2.,Evidence shows M1-1 to C2-2 to PD; use pre-ordinance M1-1 FAR 1.2 and final PD FAR 2.2.,ChatGPT,2026-07-03
SO2014-2347,mechanical_text_high,base_to_pd,C3-3,PD,3.0,3.0,0.0,same,3.0,to_far_text,high,2014-04-02,2014-06-25,,,"... of Property: 2120 S. Jefferson St./600-30 W. Cermak Rd. Business Planned Development No Bulk Regulations and Data Table FINAL FOR PUBLICATION Gross Site Area: Area in Adjoining Right-of-Way: Net Site Area: 159,704.9 14,560.9 145,144.0 sq. ft. sq. ft. sq. ft. Maximum Floor Area Ratio (FAR): 3.0 Minimum Number of Off-Street Parking Spaces: Accessory spaces for south building: Accessory spaces for theater uses: Accessory spaces for special theater events for 1,000+ Capacity events 12 spaces 100 spaces 200 off site spaces Located 660 West Cermak Minimu ...",High-confidence mechanical PD FAR text extraction.,mechanical,
SO2014-3303,mechanical_text_high,base_to_pd,DX-5,PD,5.0,7.0,2.0,upzone,7.0,to_far_text,high,2014-04-30,2014-11-05,,,"... EVELOPMENT NO. BULK REGULATIONS AND DATA TABLE GROSS SITE AREA (NET SITE AREA+ REMAINING IN PUBLIC RIGHT OF WAY) 56,648 Net sf + 33,784 sf= 90,432 gsf NET SITE AREA 56,648 sf Sub Area A - 37,688 sf Sub Area B- 16,500 sf Sub Area C - 2,870 sf MAXIMUM ALLOWABLE FAR: 7 FAR AFFORDABLE HOUSING BONUS: .5 BONUS FAR TOTAL PERMITTED FAR: 7.5 FAR (424,860 FAR sf) FAR AREA OF PROPOSED DEVELOPMENT: FAR-EXISTING BANK: FAR - EXISTING 3-STORY BLDG: FAR - PROPOSED TOWER: FAR - TOTAL PD: 26,971 sf- Sub Area B 7,380 sf- Sub Area C 390.509 ...",High-confidence mechanical PD FAR text extraction.,mechanical,
SO2014-3309,mechanical_text_high,base_to_pd,B3-2,PD,2.2,3.5,1.3,upzone,3.5,to_far_text,high,2014-04-30,2014-07-30,,,"... operty: 3400-08 N. Lincoln Avenue and 1702-14 W. Roscoe Street FINAL FOR PUBLICATION RESIDENTIAL-BUSINESS PLANNED DEVELOPMENT NO. BULK REGULATIONS AND DATA TABLE Gross Site Area (sf): 21,588 Area of Public Righls-of-Way (sf): 10,330 Net Site Area (sf): 11,258 Maximum Floor Area Ratio: 3.50 Maximum Number of Dwelling Units: 36 Minimum Off-Street Parking Spaces: 8 Minimum Bicycle Parking Spaces: 28 Minimum Off-Street Loading Spaces: 1 (10' x 25') Maximum Building Height: 67' Minimum Setbacks: In substantial confonnance with the Plans Applicant: L ...",High-confidence mechanical PD FAR text extraction.,mechanical,
SO2014-3311,chatgpt_review,base_to_pd,M2-3,PD,3.0,1.0,-2.0,downzone,1.0,maximum_floor_area_ratio,high,2014-04-30,2014-07-30,packet_04,7,Bulk table lists Maximum Floor Area Ratio: 1.00.,Use whole-PD maximum FAR 1.00.,ChatGPT,2026-07-03
SO2014-4171,chatgpt_review,base_to_pd,ML-3,PD,3.0,4.65,1.65,upzone,4.65,maximum_floor_area_ratio,high,2014-05-28,2014-11-05,packet_03,3,"Statement says maximum permitted FAR for the Property shall be 4.65 and was determined using net site area 81,821 square feet.",Use whole-property PD FAR 4.65.,ChatGPT,2026-07-03
SO2014-4174,chatgpt_review,base_to_pd,BL-3,PD,3.0,5.0,2.0,upzone,5.0,maximum_floor_area_ratio,high,2014-05-28,2014-12-10,packet_06,15,Bulk table lists Maximum Floor Area Ratio 5.00; statement says base FAR 5.0.,Evidence shows B1-3 to B3-5 to PD; use pre-ordinance B1-3 FAR 3.0 and final PD FAR 5.0.,ChatGPT,2026-07-03
SO2014-4183,mechanical_text_high,base_to_pd,B3-3,PD,3.0,3.5,0.5,upzone,3.5,to_far_text,high,2014-05-28,2014-10-08,,,"... CATION RESIDENTIAL BUSINESS PLANNED DEVELOPMENT PLAN OF DEVELOPMENT BULK REGULATIONS AND DATA TABLE Gross Site Area 16,949.59 sq. ft. (0.39 acres) Net Site Area 12,020.98 sq. ft. (0.28 acres) Area Remaining in Public Right of Way 4,928.61 sq. ft. (0.11 acres) Maximum Floor Area Ratio 3.50 Minimum Setbacks Per Site Plan Maximum Number of Units 36 Minimum Number of Accessory Off'-Street Parking 11 spaces Minimum Number of Off-Street Loading One berth Minimum Number of Bicycle Parking 36 Maximum Building Height 70' 4"" FINAL FOR PUBLICATION RESIDE ...",High-confidence mechanical PD FAR text extraction.,mechanical,
SO2014-4188,chatgpt_review,base_to_pd,RM-5,PD,2.0,1.0,-1.0,downzone,1.0,maximum_floor_area_ratio,high,2014-05-28,2014-10-08,packet_06,2,Bulk table lists Maximum Floor Area Ratio 1.0.,Use whole-PD maximum FAR 1.0.,ChatGPT,2026-07-03
SO2014-4189,chatgpt_review,base_to_pd,RT-4,PD,1.2,1.0,-0.2,downzone,1.0,maximum_floor_area_ratio,high,2014-05-28,2015-01-21,packet_05,4,Bulk table lists Maximum Floor Area Ratio 1.0.,Use whole-PD maximum FAR 1.0.,ChatGPT,2026-07-03
SO2014-4969,mechanical_text_high,base_to_pd,BL-2,PD,2.2,1.0,-1.2,downzone,1.0,to_far_text,high,2014-06-25,2014-09-10,,,"... c. Address: 10355 South Woodlawn Avenue Introduced: June 25, 2014 Plan Commission: August 21, 2014 FINAL FINAL FOR PUBLICATION BULK REGULATIONS TABLE Gross Site Area 676,555 square feet Area in Right of Way 94,817 square feet Net Site Area 581,738 square feet Maximum F.A.R. 1.0 Maximum Building Height 50' Setbacks Per Approved Site Plan Minimum Parking Minimum Bicycle Parking 366 spaces 12 spaces Minimum Off-Street Loading 1 (25' X 50') Loading berth. Applicant: Address: Introduced: Plan Commission: Chicago Neighborhood Initiatives, ...",High-confidence mechanical PD FAR text extraction.,mechanical,
SO2014-4978,chatgpt_review,base_to_pd,C1-5,PD,2.2,3.3,1.1,upzone,3.3,maximum_floor_area_ratio,high,2014-06-25,2015-05-06,packet_04,10,"Ordinance changes C1-2 to C1-5, then C1-5 to PD; bulk table lists Maximum Floor Area Ratio 3.3.","Evidence shows original base district was C1-2, not C1-5; use pre-ordinance FAR 2.2 and final PD FAR 3.3.",ChatGPT,2026-07-03
SO2014-5792,mechanical_text_high,base_to_pd,DS-3,PD,3.0,10.15,7.15,upzone,10.15,to_far_text,high,2014-07-30,2015-11-18,,,"... ing a Net Site Area of 28,749 square feel and a base FAR of 7.0. The improvements to be constructed on the Property will utilize the following FAR bonuses: , . -• ' V Base FAR: . . - 7.0 "" . ' , ' '• Affordable Housing: 1.75 . . , Transit Infrastructure: 1.40 Total FAR: 10.15 9. Upon review and determination (""Part II Review""), and pursuanl to Section 17-13-0610 ofthe Zoning Ordinance, a Part II Review Fee shall be assessed by the, Department of Planning jand Development. The fee, as determined by staff at the time, is final and b ...",High-confidence mechanical PD FAR text extraction.,mechanical,
SO2014-5801,chatgpt_review,base_to_pd,RT-4,PD,1.2,2.2,1.0,upzone,2.2,maximum_floor_area_ratio,high,2014-07-30,2014-09-10,packet_07,6,Bulk table lists Maximum Floor Area Ratio 2.2.,Evidence shows RT-4 to C3-2 to PD; use pre-ordinance RT-4 FAR 1.2 and final PD FAR 2.2.,ChatGPT,2026-07-03
SO2014-6808,chatgpt_review,pd_to_base,PD,T,1.0,1.5,0.5,upzone,1.0,maximum_floor_area_ratio,medium,2014-09-10,2014-12-10,packet_07,11,"Ordinance changes Waterway-Industrial Planned Development No. 1165 to Planned Manufacturing District Number 11, Subdistrict A; PD bulk table lists Maximum Floor Area Ratio 1.0.",Use prior PD FAR 1.0 and parsed target T/PMD FAR 1.5 per packet fields.,ChatGPT,2026-07-03
SO2014-6810,chatgpt_review,base_to_pd,CL-1,PD,1.2,5.0,3.8,upzone,5.0,maximum_floor_area_ratio,high,2014-09-10,2015-05-06,packet_05,16,Bulk table lists Maximum Floor Area Ratio 5.00.,Evidence shows C1-1 to B3-5 to PD; use pre-ordinance C1-1 FAR 1.2 and final PD FAR 5.0.,ChatGPT,2026-07-03
SO2014-8024,chatgpt_review,base_to_pd,CL-1,PD,1.2,3.5,2.3,upzone,3.5,maximum_far,high,2014-10-08,2015-04-15,packet_06,12,Bulk table lists Maximum FAR 3.5.,Evidence shows C1-1 to B2-3 to PD; use pre-ordinance C1-1 FAR 1.2 and final PD FAR 3.5.,ChatGPT,2026-07-03
SO2014-8044,chatgpt_review,base_to_pd,B3-1,PD,1.2,1.5,0.3,upzone,1.5,maximum_floor_area_ratio,high,2014-10-08,2015-01-21,packet_05,10,Bulk table lists Maximum Floor Area Ratio 1.5.,Use whole-PD maximum FAR 1.5; mechanical 15.0 is decimal/OCR error.,ChatGPT,2026-07-03
SO2014-8808,chatgpt_review,base_to_pd,RS-2,PD,0.65,0.65,0.0,same,0.65,maximum_floor_area_ratio,high,2014-11-05,2015-01-21,packet_08,1,Bulk table lists Maximum Floor Area Ratio 0.65.,Use whole-PD maximum FAR 0.65.,ChatGPT,2026-07-03
SO2014-9402,mechanical_text_high,base_to_pd,B3-2,PD,2.2,3.5,1.3,upzone,3.5,to_far_text,high,2014-11-19,2015-07-29,,,"... 09 North Southport Avenue, Chicago, Illinois 6065742.2 FINAL FOR PUBLICATION RESIDENTIAL BUSINESS PLANNED DEVELOPMENT NO. BULK REGULAllONS AND DATA TABLE Gross Site Area: 21,342 sq. ft. Area in Public Right of Way: 11,053 sq. ft. Net Site Area: 10,289 sq. ft. Maximum F.A.R.: 3.5 Maximum No. of Dwelling Units: 30 Minimum No. of Parking Spaces: 7 Minimum No. of Bicycle Parking: 30 Minimum No. of Loading Berths: 0 Maximum Building Height: 50'-0"" Minimum Building Setbacks: Per approved plans Applicant: 3401-3409 N. Southport LLC Address: ...",High-confidence mechanical PD FAR text extraction.,mechanical,
SO2014-9730,mechanical_text_high,base_to_pd,DX-7,PD,7.0,10.92,3.92,upzone,10.92,to_far_text,high,2014-12-10,2015-09-24,,,"... termined using a Net Site Area of 12,398 square feet and a base FAR of 7.0. The improvements to be constructed on the Property will utilize the following FAR bonuses: Base FAR: 7.0 Affordable Housing: 1.75 Upper-Level Setback: 0.77 Transit Infrastructure 1.40 Total FAR: . 10.92 9. Upon review and determination (""Part II Review""), and pursuant to Section 17-13-0610 of the Zoning Ordinance, a Part II Review Fee shall be assessed by the Department of Planning and Development. The fee, as determined by staff at the time, is final and bi ...",High-confidence mechanical PD FAR text extraction.,mechanical,
SO2015-50,chatgpt_review,base_to_pd,B1-1,PD,1.2,0.9,-0.3,downzone,0.9,maximum_floor_area_ratio,high,2015-01-21,2016-05-18,packet_05,3,"Bulk table lists Maximum Floor Area Ratio 0.9, with Sub Area A 1.0 and Sub Area B .28.","Use whole-PD maximum FAR 0.9, not subarea values.",ChatGPT,2026-07-03
SO2015-56,chatgpt_review,base_to_pd,RS-3,PD,0.9,0.9,0.0,same,0.9,maximum_floor_area_ratio,high,2015-01-21,2015-03-18,packet_08,2,Bulk table lists Maximum Floor Area Ratio 0.9.,Use whole-PD maximum FAR 0.9.,ChatGPT,2026-07-03
SO2015-59,chatgpt_review,base_to_pd,CL-1,PD,1.2,5.0,3.8,upzone,5.0,maximum_floor_area_ratio,high,2015-01-21,2015-07-29,packet_05,17,Bulk table lists Maximum Floor Area Ratio 5.00.,Original districts include C1-1 and C1-3; retained parsed C1-1 FAR 1.2.,ChatGPT,2026-07-03
SO2015-63,chatgpt_review,base_to_pd,ML-2,PD,2.2,0.7,-1.5,downzone,0.7,maximum_far,high,2015-01-21,2015-05-06,packet_04,11,Bulk Regulations Table lists Maximum F.A.R. 0.7.,Use whole-PD maximum FAR 0.7.,ChatGPT,2026-07-03
SO2015-2587,mechanical_text_high,pd_to_base,PD,B3-2,1.0,2.2,1.2,upzone,1.0,from_far_text,high,2015-04-15,2015-07-29,,,"... ood Avenue FINAL FINAL FOR PUBLICATiON mSTlTUTIONAL PLANNED DEVELOPMENT BULK REGULATION AND DATA TABLE Gross Site Area: Net Site Area: Public Area Right-of-Way: 226,633.27 square feet 167,844.58 square feet (Includes two alley vacations) 58,788.69 square feel Maximum Floor Area Ratio: 1.0 Minimum Number of Off-Street Loading Spaces: Number of Off-Street Parking Spaces: 25 (including 2 accessible spaces) Minimum Number of Bicycle Parking Spaces Maximum Building Height: 50 feet (as measured in accordance with the Chicago Zoning Ordinance) Minimu ...",High-confidence mechanical PD FAR text extraction.,mechanical,
SO2015-2625,mechanical_text_high,base_to_pd,DX-5,PD,5.0,10.15,5.15,upzone,10.15,to_far_text,high,2015-04-15,2015-07-29,,,"... ss: 201-223 West Hubbard Street; 412-420 North Wells Street, Chicago, IL 60654 Introduced: April 15, 2015 Plan Commission: June 18, 2015 EASTA97224052.4 FINAL FOR PUBLICATION Description FAR Base FAR: 7.00 Affordable Housing: 1.75 Transit Infrastructure: 1.40 Total FAR: 10.15 9. Upon review and detemiination, ""Part II Review"", pursuant to Section 17-13-0610 of the Zoning Ordinance, a Part II Review Fee shall be assessed by DPD. The fee, as determined by staff at the time, is final and binding on the Applicant and must be paid to t ...",High-confidence mechanical PD FAR text extraction.,mechanical,
SO2015-4174,chatgpt_review,base_to_pd,DC-16,PD,16.0,20.502,4.502,upzone,20.502,total_far,high,2015-05-20,2015-09-24,packet_01,18,"Bulk table and statement list Base FAR 16.00, Plaza Bonus 2.531, Sidewalk Widening Bonus 1.971, Total FAR 20.502.",Use total PD FAR including bonuses.,ChatGPT,2026-07-03
SO2015-4175,chatgpt_review,base_to_pd,B3-5,PD,5.0,5.0,0.0,same,5.0,maximum_floor_area_ratio,high,2015-05-20,2015-09-24,packet_03,15,Bulk table lists Maximum Floor Area Ratio: 5.0.,Use whole-PD maximum FAR 5.0.,ChatGPT,2026-07-03
SO2015-4176,chatgpt_review,base_to_pd,DX-7,PD,7.0,10.36,3.36,upzone,10.36,total_far,high,2015-05-20,2015-09-24,packet_03,16,"Bulk table lists Base FAR 7.00, Upper Level Setbacks 0.21, Affordable Housing 1.75, Transit Infrastructure 1.40, Total FAR 10.36.",Use total PD FAR including bonuses.,ChatGPT,2026-07-03
O2015-4643,chatgpt_review,base_to_pd,RM-5,PD,2.0,2.0,0.0,same,2.0,maximum_permitted_far,high,2015-06-17,,packet_13,12,Bulk table lists MAXIMUM PERMITTED FAR: 2.0.,Use whole-PD maximum FAR 2.0.,ChatGPT,2026-07-03
SO2015-4622,chatgpt_review,base_to_pd,BL-2,PD,2.2,5.0,2.8,upzone,5.0,maximum_floor_area_ratio,high,2015-06-17,2016-01-13,packet_06,4,Bulk table lists Maximum Floor Area Ratio 5.0.,Evidence shows B1-2 to B3-5 to PD; use pre-ordinance B1-2 FAR 2.2 and final PD FAR 5.0.,ChatGPT,2026-07-03
SO2015-4648,chatgpt_review,base_to_pd,B3-2,PD,2.2,3.5,1.3,upzone,3.5,maximum_floor_area_ratio,high,2015-06-17,2015-09-24,packet_03,6,Bulk table lists Maximum Floor Area Ratio: 3.50.,Use whole-PD maximum FAR 3.50.,ChatGPT,2026-07-03
SO2015-5313,chatgpt_review,base_to_pd,C2-1,PD,1.2,3.5,2.3,upzone,3.5,maximum_floor_area_ratio,medium,2015-07-29,2015-12-09,packet_06,13,Narrative says the proposed maximum floor area ratio for this Residential Business Planned Development will be 3.5.,Use narrative-supported project FAR 3.5.,ChatGPT,2026-07-03
SO2015-5371,mechanical_text_high,base_to_pd,BL-1,PD,1.2,2.2,1.0,upzone,2.2,to_far_text,high,2015-07-29,2015-09-24,,,"... , 2015 Plan Commission: September 17, 2015 OASIAIOI 193308.4 FINAL FOR PUBLICATION RESIDENTIAl^-TrUSINESS PLANNED DEVELOPMENT NO. BULK REGULATIONS AND DATA TABLE Gross Site Area (sf): 72,224 Area of Public Rights-of-Way (sf): 13,240 Net Site Area (sf): 58,984 Maximum Floor Area Ratio: 2.2 Maximum Number of Dwelling Units: 95 Minimum Off-Street Parking Spaces: 116 Minimum Bicycle Parking Spaces: 87 Minimum Off-Street Loading Spaces: 1 (IC x 50'); 1 (IC x 25') Maximum Building Height: SCO"" Minimum Setbacks: In conformance with the Plans 1 Applic ...",High-confidence mechanical PD FAR text extraction.,mechanical,
SO2015-6353,chatgpt_review,base_to_pd,DX-12,PD,12.0,13.484,1.484,upzone,13.484,total_far,high,2015-09-24,2016-06-22,packet_03,4,"Statement lists Base FAR 12.000, Affordable Housing Bonus 1.484, Total FAR 13.484.",Use total PD FAR; subarea A designed FAR 12.84 is not whole-project FAR.,ChatGPT,2026-07-03
SO2015-6359,chatgpt_review,base_to_pd,DX-3,PD,3.0,6.0,3.0,upzone,6.0,total_far,high,2015-09-24,2017-01-25,packet_05,9,"Statement says base FAR 5.0 plus bonus FAR 1.0; with this bonus FAR, total FAR for the Planned Development is 6.0.",Mechanical 17.4 is not supported by quoted evidence; use stated total PD FAR 6.0.,ChatGPT,2026-07-03
SO2015-6375,chatgpt_review,base_to_pd,CL-1,PD,1.2,4.0,2.8,upzone,4.0,maximum_far,high,2015-09-24,2016-06-22,packet_06,5,Bulk table lists Maximum FAR 4.0.,Use whole-PD maximum FAR 4.0.,ChatGPT,2026-07-03
SO2015-6384,chatgpt_review,base_to_pd,DS-3,PD,3.0,6.0,3.0,upzone,6.0,total_far,high,2015-09-24,2016-05-18,packet_02,10,Statement says base FAR 5.0 plus Affordable Housing Bonus 1.0 for a total FAR of 6.0.,Original parsed base is DS-3=3.0; final PD FAR is 6.0.,ChatGPT,2026-07-03
SO2015-6392,chatgpt_review,base_to_pd,M2-3,PD,3.0,4.25,1.25,upzone,4.25,maximum_floor_area_ratio,high,2015-09-24,2016-03-16,packet_03,7,Bulk table lists Maximum Floor Area Ratio: 4.25.,Use whole-PD maximum FAR 4.25.,ChatGPT,2026-07-03
SO2015-6393,chatgpt_review,base_to_pd,DX-7,PD,7.0,9.65,2.65,upzone,9.65,total_far,high,2015-09-24,2016-04-13,packet_02,13,"Statement lists Base FAR 7.00, Affordable Housing 1.75, Transit Station Improvements .90, Total FAR 9.65.",Use total PD FAR including bonuses.,ChatGPT,2026-07-03
SO2015-6394,mechanical_text_high,base_to_pd,DX-16,PD,16.0,21.085,5.085,upzone,21.085,to_far_text,high,2015-09-24,2016-05-18,,,"... rovements to be constructed on the Property will utilize the following series of FAR bonuses: Description (list of all bonuses applied for and calculations) FAR Base FAR: 16.000 Concealed Parking Facade 1.575 Setback Bonus 2.493 Affordable Housing Bonus 1.017 Total FAR: 21.085 9. The Applicant acknowledges and agrees that the rezoning of the Property from DX-16 Mixed Use District to this Planned Development triggers the requirements of Section 2-45- Applicanl; 1000 SOUTH MICHIGAN EQUITIES, LLC Address: 920-1006 S MlClllCAH AVE., 10 ...",High-confidence mechanical PD FAR text extraction.,mechanical,
SO2015-6395,chatgpt_review,base_to_pd,B3-5,PD,5.0,5.0,0.0,same,5.0,maximum_floor_area_ratio,high,2015-09-24,2016-05-18,packet_08,3,Bulk table lists Maximum Floor Area Ratio 5.0.,Use whole-PD maximum FAR 5.0.,ChatGPT,2026-07-03
SO2015-6396,mechanical_text_high,base_to_pd,CL-2,PD,2.2,4.0,1.8,upzone,4.0,to_far_text,high,2015-09-24,2017-06-28,,,"... LFon RESIDENTIAL BUSINESS PLANNED DEVELOPMENT PLAN OF DEVELOPMENT BULK REGULATIONS AND DATA TABLE GROSS SITE AREA = Net Site Area ^- Area remaining in the public right-of-way 21,366.00 sq. ft. (0.49 acres) = 17,604 (0.40 acres) + 3,762.00 sq. ft. (0.09 acres) FAR: 4.00 SETBACKS FROM PROPERTY LINE: In substantial conformance with the Site Plan and Elevations MAXIMUM NUMBER OF DWELLING UNITS: 100 MINIMUM NUMBER OF ACCESSORY OFF-STREET PARKING: 30 MINIMUM NUMBER OF BICYCLE PARKING SPACES 100 MINIMUM NUMBER OF OFF-STREET LOADIN ...",High-confidence mechanical PD FAR text extraction.,mechanical,
SO2015-6404,chatgpt_review,base_to_pd,RM-5,PD,2.0,8.25,6.25,upzone,8.25,maximum_far_pd,high,2015-09-24,2016-03-16,packet_01,7,"Bulk table lists Maximum FAR by subarea A 15.79, B 3.19, C 4.20, and Maximum Floor Area Ratio (FAR) (PD): 8.25.",Mechanical 15.79 is a subarea value; whole-PD FAR is 8.25.,ChatGPT,2026-07-03
SO2015-6418,chatgpt_review,base_to_pd,C2-2,PD,2.2,3.39,1.19,upzone,3.39,maximum_floor_area_ratio,high,2015-09-24,2016-01-13,packet_07,4,"Bulk table lists Maximum Floor Area Ratio 3.39, with Subarea A 3.06, Subarea B 5.0, and Subarea C 0.","Use whole-PD FAR 3.39, not subarea values.",ChatGPT,2026-07-03
SO2015-6429,chatgpt_review,base_to_pd,DX-16,PD,16.0,18.56,2.56,upzone,18.56,maximum_floor_area_ratio,high,2015-09-24,2016-06-22,packet_06,11,Bulk table lists Maximum Floor Area Ratio 18.56; statement says base FAR 16.0.,Use whole-PD maximum FAR 18.56.,ChatGPT,2026-07-03
SO2015-6431,mechanical_text_high,base_to_pd,DX-5,PD,5.0,8.0,3.0,upzone,8.0,to_far_text,high,2015-09-24,2016-03-16,,,"... e effective FAR Bonus for Off-Site Improvements is equal to the FAR Bonus"" Cap .-..jSi/ni/TTa/ry. , . ' ' "" • — - ^ ; • • • - _ _ • • Base FAR , ' . -•--•5 . ' •- • • ' FAR BonuS:for On-Site Improvements ' '•• . 0 ... • FAR Bonus for Off-Site Improvements 3 ' Total FAR ' 8 1 , • . .. , Total Financial Contribution $3,320,976 Maximurh Rpor Area withJBase FAR , 160,900-sf Floor Area vyith FAR Bonus On-Site Improvements [No On-Site Irnprovements] Floor Area of FAR Bonus Off-Site Improvements 96,540 sf Total MaximurnFlpor Area 257, ...",High-confidence mechanical PD FAR text extraction.,mechanical,
SO2015-6438,mechanical_text_high,base_to_pd,B3-2,PD,2.2,5.0,2.8,upzone,5.0,to_far_text,high,2015-09-24,2016-06-22,,,"... ember 24, 2015 Plan Commission: May 19,2016 1-AS1M0573.';!S2.4 FINAL FOR PUBLICATION RESIDENTIAL-BUSINESS PLANNED DEVELOPMENT NO. BULK REGULATIONS AND DATA TABLE Gross Site Area (sf): 33,220 Area of Public Righls-of-Way (sf): 15,593 Net Site Area (sl): 17,627 Maximum Floor Area Ratio: 5.0 Maximum Number of Dwelling Units: 110 Minimum Off-Street Parking Spaces: 16 Minimum Off-Street Loading Spaces: 0 Maximum Building Height: 96'8"" (top of upper roof) Minimum Setbacks: Per plans Applicant; Halsted Commons LLC Address: 1038-1054 West Wilson; 4600 ...",High-confidence mechanical PD FAR text extraction.,mechanical,
SO2015-6439,chatgpt_review,base_to_pd,DX-5,PD,5.0,7.0,2.0,upzone,7.0,far,high,2015-09-24,2016-02-10,packet_06,16,"Statement says permitted FAR determined using net site area 23,001 square feet and an FAR of 7.0.","Original area includes DX-5 and DX-7, but parsed from FAR is DX-5=5.0; final PD FAR is 7.0.",ChatGPT,2026-07-03
SO2015-6440,mechanical_text_high,base_to_pd,M2-3,PD,3.0,1.8,-1.2,downzone,1.8,to_far_text,high,2015-09-24,2016-06-22,,,"... ant with Chapter 10 of the Chicago Zoning Ordinance. BULK / USE / DENSITY The current maximum allowable Floor Area Ratio (FAR) for the proposed underlying zoning district (RM-5) is 2.0; the proposed planned development is designed for and will be limited to a maximum FAR of 1.80. All remaining bulk, FINAL use and density items will be in substantial compliance with the stipulations of Section 17-2-0300 for RM-5 zoning districts. RECOMMENDATION The Department of Planning and Development has reviewed the project materials submitted by ...",High-confidence mechanical PD FAR text extraction.,mechanical,
SO2015-8468,chatgpt_review,base_to_pd,B3-3,PD,3.0,1.1,-1.9,downzone,1.1,maximum_allowed_far,high,2015-12-09,2016-02-10,packet_14,5,Bulk Regulation Table lists MAXIMUM ALLOWED F.A.R.: 1.1.,Use whole-PD maximum allowed FAR 1.1.,ChatGPT,2026-07-03
SO2015-8490,mechanical_text_high,base_to_pd,CL-1,PD,1.2,5.0,3.8,upzone,5.0,to_far_text,high,2015-12-09,2016-04-13,,,"... rth Green Street Chicago, IL 60607 Introduced: December 9, 2015 Plan Commission: March 17, 2016 BUSINESS PLANNED DEVELOPIVIENT NO. BULK REGULATIONS AND DATA TABLE Gross Site Area (si): 38,226 Area of Public Rights-of-Way (sf): 12,473 Net Site Area (sO: 25,753 Maximum Floor Area Ratio: 5,0 Maximum Floor Area (sf): Subarea A: 119,155 Subarea B: 9,610 Minimum Off-Street Parking Spaces: 42 Minimum Off-Street Loading Spaces: 1 (10'x25') Maximum Hotel Keys: Maximum Building Height: Minimum Setbacks: 190 I49'-0"" In conformance with the Plans Applic ...",High-confidence mechanical PD FAR text extraction.,mechanical,
SO2016-45,chatgpt_review,base_to_pd,CL-3,PD,3.0,5.0,2.0,upzone,5.0,total_far_allowed,high,2016-01-13,2017-06-28,packet_03,1,Statement says base FAR 5.0 with total FAR allowed under this Planned Development of 5.0.,"Original districts are C1-3/B3-3, both FAR 3.0; final PD FAR is 5.0.",ChatGPT,2026-07-03
SO2016-52,chatgpt_review,base_to_pd,DS-5,PD,5.0,5.0,0.0,same,5.0,total_far,medium,2016-01-13,2016-04-13,packet_08,4,"Bonus worksheet summary includes Total FAR 5; ordinance states FAR is per Bulk Regulations Table using net site area 54,130 square feet.",Use stated total FAR; bulk table excerpt itself is OCR-fragmented.,ChatGPT,2026-07-03
SO2016-53,chatgpt_review,base_to_pd,B1-3,PD,3.0,3.5,0.5,upzone,3.5,maximum_floor_area_ratio,high,2016-01-13,2016-06-22,packet_03,11,Bulk table lists Maximum Floor Area Ratio: 3.5.,Use whole-PD maximum FAR 3.5.,ChatGPT,2026-07-03
SO2016-643,chatgpt_review,base_to_pd,BL-2,PD,2.2,5.0,2.8,upzone,5.0,maximum_floor_area_ratio,high,2016-02-10,2017-06-28,packet_06,6,Bulk table lists Maximum Floor Area Ratio 5.0.,Evidence shows B1-2 to C1-5 to PD; use pre-ordinance B1-2 FAR 2.2 and final PD FAR 5.0.,ChatGPT,2026-07-03
SO2016-1614,mechanical_text_high,base_to_pd,RM-6.5,PD,6.6,6.6,0.0,same,6.6,to_far_text,high,2016-03-16,2016-09-14,,,"... lmont Properties, LLC Address: 450-454 West Belmont Avenue Introduced: March 16, 2016 Plan Commission; August 18,2016 FINAL FOR PUBLICATION RESIDENTIAL PLANNED DEVELOPMENT NO. BULK REGULATIONS AND DATA TABLE Gross Site Area: 17,523 sf Net Site Area: 14,602 sf Maximum Floor Area Ratio: 6.6 Maximum number of dwelling units: 80 Minimum automobile parking: 48 Minimum bicycle parking: 80 Minimum Number of Off-Street Loading Berths: 1 (10 x 25) Maximum Building Height: 179'-0"" Minimum Building Setbacks: Per Site Plan Applicant: 450 Belmont Propertie ...",High-confidence mechanical PD FAR text extraction.,mechanical,
SO2016-1622,mechanical_text_high,base_to_pd,B3-2,PD,2.2,2.2,0.0,same,2.2,to_far_text,high,2016-03-16,2017-03-29,,,"... La.-amie Avenue Date Introduced: March i 6, 2016 Plan Commission: Fcbmarj' 16, 2017 FINAL FOR PUBLICATION PLANNED DEVELOPMENT NO. Bulk Regulations and Data Tabic Gross Site Area: 65,077 S.F. Area in Public Right of Way: 24,062 S.F. Net Site Area: 41,015 S.F. Maximum Floor Area Ratio: 2.2 Maximum Building Height: 51 '-0"" Number of Dwelling Units: 39 units Minimum Number of Parking Spaces: 21 (exterior); 41 (interior) Residential Required Bicycle Parking: 20 spaces Retail Required Bicycle Parking: 3 spaces Minimum Number of Loading Berths: 1 sp ...",High-confidence mechanical PD FAR text extraction.,mechanical,
SO2016-1623,mechanical_text_high,base_to_pd,B3-3,PD,3.0,11.5,8.5,upzone,11.5,to_far_text,high,2016-03-16,2017-06-28,,,"... UBLICATION PLANNED DEVELOPMENT NO. Bullc Regulations and Data Table Subarea A B Total Gross Site Area: 43,938 S.F. 96,567 S.F. 140,505 S.F. Area in the Public Right of Way: 18,434 S.F. 34,359 S.F. 52,793 S.F. Net Site Area: 25,504 S.F. 62,208 S.F. 87,712 S.F. Maximum Floor Area Ratio: 11.5 3.0 5.0 Maximum Building Height: 200*-8"" 129'-4"" Number of Units: 114 0 114 Minimum Number of Parking Spaces: 20O 216 416 Number of Bike Parking Spaces: 50 8 58 Minimum Number of Loading Berths: 2 0 2 Minimum Setbacks: As Per Plans As Per Plans As Per Plans A ...",High-confidence mechanical PD FAR text extraction.,mechanical,
SO2016-1629,chatgpt_review,base_to_pd,DX-7,PD,7.0,9.75,2.75,upzone,9.75,total_far,high,2016-03-16,2016-06-22,packet_02,11,Statement says base FAR 7 plus Affordable Housing Bonus 1.75 and Upper Level Setback Bonus 1.00; Total FAR 9.75.,Use total PD FAR including bonuses.,ChatGPT,2026-07-03
SO2016-1631,chatgpt_review,base_to_pd,B3-2,PD,2.2,5.0,2.8,upzone,5.0,maximum_floor_area_ratio,high,2016-03-16,2016-06-22,packet_06,7,Statement says maximum permitted FAR for the Property shall be 5.0.,Evidence shows B3-2 to B3-5 to PD; use pre-ordinance B3-2 FAR 2.2 and final PD FAR 5.0.,ChatGPT,2026-07-03
SO2016-1633,chatgpt_review,base_to_pd,B3-5,PD,5.0,5.0,0.0,same,5.0,max_permitted_far,high,2016-03-16,2016-06-22,packet_14,9,"Bulk table totals list Max. Permitted FAR 5.0, with subareas 8.44, 1.45, 2.0, and NA.","Use whole-PD total FAR 5.0, not subarea FAR values.",ChatGPT,2026-07-03
SO2016-2622,chatgpt_review,base_to_pd,RT-4,PD,1.2,1.5,0.3,upzone,1.5,maximum_floor_area_ratio,high,2016-04-13,2017-03-29,packet_07,14,Bulk table lists Maximum Floor Area Ratio 1.5.,Evidence shows RT-4 to RM-5.5 to PD; use pre-ordinance RT-4 FAR 1.2 and final PD FAR 1.5.,ChatGPT,2026-07-03
SO2016-3916,mechanical_text_high,base_to_pd,RT-4,PD,1.2,5.0,3.8,upzone,5.0,to_far_text,high,2016-05-18,2017-01-25,,,"... December 1 .""J, 2016 Business Planned Dcvclonment No. "" ' ' i BULK REGULATIONS AND DATA TABLE Total: Gross Site Area: 23,262 square feet (0.534 acres) Area in Public Right-of-Way: 5,706 square feet (0.130 acres) Net Site Area: 17,556 square feet (0.403 acres) Maximum Floor Area Ratio: 5.0 Maximum Permitted Number of Residential Units: 92 Minimum Number of QfT-Street Parking Spaces: 23 Maximum Number of Non-Accessory Parking Spaces: 4 Minimum Number of Loading Spaces: 1 Minimum Number of Bicycle Storage Spaces: 13 Maximum Building Height: 99' 6 ...",High-confidence mechanical PD FAR text extraction.,mechanical,
SO2016-3925,chatgpt_review,base_to_pd,RM-5,PD,2.0,2.83,0.83,upzone,2.83,maximum_floor_area_ratio,high,2016-05-18,2016-12-14,packet_07,7,"Statement says total allowed floor area and FAR before and after renovations will not exceed 120,400 square feet (2.83 FAR).",Original districts include RM-5 and RM-6; retained parsed RM-5 FAR 2.0.,ChatGPT,2026-07-03
SO2016-4777,chatgpt_review,base_to_pd,BL-2,PD,2.2,5.0,2.8,upzone,5.0,maximum_floor_area_ratio,high,2016-06-22,2016-11-16,packet_07,8,Bulk table lists Maximum Floor Area Ratio 5.0.,Evidence shows B1-2 to C2-5 to PD; use pre-ordinance B1-2 FAR 2.2 and final PD FAR 5.0.,ChatGPT,2026-07-03
SO2016-4779,chatgpt_review,base_to_pd,DX-5,PD,3.0,7.0,4.0,upzone,7.0,total_far,high,2016-06-22,2016-09-14,packet_03,2,"Ordinance first changes DX-3 to DX-5, then DX-5 to PD; statement lists Base FAR 5.00, Neighborhoods Opportunity 2.00, Total FAR 7.00.","Evidence shows original base district was DX-3, not DX-5; use pre-ordinance FAR 3.0 and final PD FAR 7.0.",ChatGPT,2026-07-03
SO2016-4798,mechanical_text_high,base_to_pd,DX-7,PD,7.0,9.3,2.3,upzone,9.3,to_far_text,high,2016-06-22,2016-12-14,,,"... and Data Table has been determined using a net site area of 25,453.75 square feet and a base FAR of 7.00. The Applicant acknowledges that the project has received a bonus FAR of 2.30, pursuant to Sec. 17-4-1000 ofthe Zoning Ordinance. With this bonus FAR, the total FAR for the Planned Development is 9.30. In exchange for the bonus FAR, the Applicant is required to make a corresponding payment, pursuant to Sections 17.4-1003-B & C, prior to the issuance of the first building permit for any building in the Planned Development; provided, however, if the Planned ...",High-confidence mechanical PD FAR text extraction.,mechanical,
SO2016-5585,mechanical_text_high,base_to_pd,CL-1,PD,1.2,4.49,3.29,upzone,4.49,to_far_text,high,2016-07-20,2016-12-14,,,"... cago, IL 60607 Introduced: July 20,2016 Plan Commission: November 17, 2016 FINAL FOR PUBLICATION BUSINESS PLANNED DEVELOPMENT NO. BULK REGULATIONS AND DATA TABLE Gross Site Area (st): 32,275 Area of Public Rights-of-Way (sf): 11,393 Net Site Area (sf): 20,882 Maximum Floor Area Ratio: 4.49 Minimum Off-Street Parking Spaces: 0 Minimum Bike Parking Spaces: 55 Minimum Off-Street Loading Spaces: 0 Maximum Building Height: 70' 0"" Minimum Setbacks: In conformance with the Plans Applicant: Thor 905 W Fulton LLC Address: 901 - 905 West Fulton Market / ...",High-confidence mechanical PD FAR text extraction.,mechanical,
SO2016-5586,mechanical_text_high,base_to_pd,B3-2,PD,2.2,5.0,2.8,upzone,5.0,to_far_text,high,2016-07-20,2017-01-25,,,"... 3-2435 We.st.Armitage Introduction; July 20, 2016 Plan Commission: December 15,2016 RESIDENTLM^BUSINESS PLANNTilD DE\TELOPMENT NO. BULK REGULATIONS ANU DATA TABLE Gross Site Area (sf): 30,761 Area of Public Rights-of-Way (sf): 8,616 Net Site Area (sf); 22,145 Maximum Floor Area Ratio: 5.0 Maximum Number of Dwelling Units: 134 Minimum Off-Street Parking Spaces: 17 Minimum Bicycle Parking: 117 Minimum Off-Street Loading Spaces: 1 (10' x 25') Maximum Building Height: 79' 11"" Minimum Setbacks: In conformance with the Plans Applicant; 1980 Milwauke ...",High-confidence mechanical PD FAR text extraction.,mechanical,
SO2016-5588,mechanical_text_high,base_to_pd,C3-1,PD,1.2,11.5,10.3,upzone,11.5,to_far_text,high,2016-07-20,2017-01-25,,,"... d: July 20, 2016 Plan Commission: January 19, 2017 EA.SIAI 25156706.5 mM.^ FOR mi r< ,;A ; •; r.;\ BUSINESS PLANNED DEVELOPMENT NO. BULK REGULATIONS AND DATA TABLE Gross Site Area (sO: 35,825 Area of Public Rights-of-Way (sO: 12,860 Net Site Area (sf): 22,965 Maximum Floor Area Ratio: 11.5 Minimum Off-Street Parking Spaces: 48 Minimum Off-Street Loading Spaces: 1 (10'x25') Maximum Building Height: 240'0"" Minimum Setbacks: In substantial conformance with the Plans Applicant: Partners & Bond LLC Address: 801-813 West Lake Street, 170-184 North Ha ...",High-confidence mechanical PD FAR text extraction.,mechanical,
SO2016-5600,chatgpt_review,base_to_pd,B3-2,PD,2.2,5.0,2.8,upzone,5.0,maximum_floor_area_ratio,high,2016-07-20,2017-03-29,packet_06,8,Bulk table lists Maximum Floor Area Ratio 5.0.,Evidence shows B3-2 to B3-5 to PD; use pre-ordinance B3-2 FAR 2.2 and final PD FAR 5.0.,ChatGPT,2026-07-03
SO2016-6337,chatgpt_review,base_to_pd,CL-2,PD,2.2,8.1,5.9,upzone,8.1,total_far,high,2016-09-14,2017-01-25,packet_01,15,"Statement says base FAR 5.0, bonus FAR 3.1, and total FAR for the Planned Development is 8.1.",Use total PD FAR including bonus.,ChatGPT,2026-07-03
SO2016-7306,mechanical_text_high,base_to_pd,DX-5,PD,5.0,6.0,1.0,upzone,6.0,to_far_text,high,2016-10-05,2017-06-28,,,"... ons and Data Table has been determined using a net site area of 99,940 square feet and a base FAR of 5.0. The Applicant acknowledges that the project has received a bonus FAR of 1.0, pursuant to Sec. 17-4-1000 of the Zoning Ordinance. With this bonus FAR, the total FAR for the Planned Development is 6.0. In exchange for the bonus FAR, the Applicant is required to make a corresponding payment, pursuant to Sections 17-4-1003-B & C, prior to the issuance of the first building permit for any building in the Planned Development; provided, however, if the Planned ...",High-confidence mechanical PD FAR text extraction.,mechanical,
SO2016-7309,chatgpt_review,base_to_pd,,PD,2.2,1.2,-1.0,downzone,1.2,maximum_far,high,2016-10-05,2016-12-14,packet_09,11,Ordinance changes M2-2 Light Industry District to Industrial PD; bulk table lists Maximum FAR 1.2.,Evidence identifies original M2-2 despite parsed missing from-code; use M2-2 FAR 2.2 and final PD FAR 1.2.,ChatGPT,2026-07-03
SO2016-7932,mechanical_text_high,base_to_pd,ML-3,PD,3.0,6.25,3.25,upzone,6.25,to_far_text,high,2016-11-01,2017-03-29,,,"... ns and Data Table has been determined using a net site area of 30,653 square feet and a base FAR of 5.0. The Applicant acknowledges that the project has received a bonus FAR of 1.25, pursuant to Sec. 17-4-1000 of the Zoning Ordinance. With this bonus FAR, the total FAR for the Planned Development is 6.25. In exchange for the bonus FAR, the Applicant is required to make a corresponding payment, pursuant to Sections 17.4-1003-B & C, prior to the issuance of the first building permit for any building in the Plarmed Development;, provided, however, if the Planned ...",High-confidence mechanical PD FAR text extraction.,mechanical,
SO2016-7933,chatgpt_review,base_to_pd,B3-1,PD,1.2,1.2,0.0,same,1.2,maximum_floor_area_ratio,high,2016-11-01,2017-07-26,packet_08,5,Bulk table lists Maximum Floor Area Ratio 1.2; statement says base FAR 1.2.,Use whole-PD maximum FAR 1.2.,ChatGPT,2026-07-03
SO2016-8050,chatgpt_review,base_to_pd,RT-4,PD,1.2,1.2,0.0,same,1.2,maximum_floor_area_ratio,high,2016-11-01,2017-03-29,packet_08,6,Bulk table lists Maximum Floor Area Ratio 1.2.,Evidence shows M2-2 to RT-4 to Institutional PD; parsed from FAR retained as RT-4=1.2.,ChatGPT,2026-07-03
SO2016-8493,chatgpt_review,base_to_pd,RT-3.5,PD,1.05,1.7,0.65,upzone,1.7,maximum_floor_area_ratio,high,2016-11-16,2017-03-29,packet_07,9,Bulk table lists Maximum Floor Area Ratio 1.7.,Original districts include RT-3.5 and RM-4.5; retained parsed RT-3.5 FAR 1.05.,ChatGPT,2026-07-03
SO2016-8617,chatgpt_review,base_to_pd,B3-2,PD,2.2,5.0,2.8,upzone,5.0,total_far,high,2016-12-14,2018-02-28,packet_02,16,"Bulk table lists Maximum FAR 4.50, but statement later says base FAR 5.0 with total FAR allowed under this Planned Development of 5.0.",Use ordinance statement total FAR 5.0 over earlier inconsistent bulk-table 4.50.,ChatGPT,2026-07-03
SO2016-8638,chatgpt_review,base_to_pd,B3-5,PD,5.0,5.0,0.0,same,5.0,maximum_permitted_far,high,2016-12-14,2017-03-29,packet_14,16,Bulk table lists MAXIMUM PERMITTED FAR: 5.0.,Evidence shows B1-2/C1-2 to B3-5 to PD; parsed from FAR retained as B3-5=5.0.,ChatGPT,2026-07-03
SO2017-130,chatgpt_review,base_to_pd,RM-6.5,PD,6.6,5.0,-1.6,downzone,5.0,total_across_all_subareas,high,2017-01-25,2017-05-24,packet_06,1,"Bulk table lists Subarea A 9.76, Subarea B 0.7386, Subarea C 0.57, and Total across all Subareas 5.0.","Use whole-project total FAR 5.0, not subarea A FAR 9.76.",ChatGPT,2026-07-03
SO2017-155,chatgpt_review,base_to_pd,BL-2,PD,2.2,2.0,-0.2,downzone,2.0,maximum_floor_area_ratio,high,2017-01-25,2017-06-28,packet_05,5,Bulk table lists Maximum Floor Area Ratio 2.0.,"Original districts include B1-2 and RM-5, both FAR 2.0 or 2.2 depending code; retained parsed B1-2/BL-2 FAR 2.2.",ChatGPT,2026-07-03
SO2017-906,chatgpt_review,base_to_pd,B3-5,PD,5.0,6.0,1.0,upzone,6.0,maximum_permitted_far,high,2017-02-22,2017-05-24,packet_15,1,Bulk table lists MAXIMUM PERMITTED FAR: 6.0.,Evidence shows B3-5 to RM-6.5 to PD; use pre-ordinance B3-5 FAR 5.0 and final PD FAR 6.0.,ChatGPT,2026-07-03
SO2017-2156,mechanical_text_high,base_to_pd,B3-2,PD,2.2,5.0,2.8,upzone,5.0,to_far_text,high,2017-03-29,2017-11-08,,,"... Introduced: March 29, 2017 Plan Commission: September 20, 2017 F'HAL m PU^^ 'OPTION RESIDENTIAL-BUSINESS PLANNED DEVELOPMENT NO. BULK REGULATIONS AND DATA TABLE Gross Site Area (sf): 38,210 Area of Public Rights-of-Way (sf): 13,415 Net Site Area (sf): 24,795 Maximum Floor Area Ratio: 5.0 Maximum Number of Dwelling Units: 149 Minimum Off-Streel Parking Spaces: 29 Minimum Off-Street Loading Spaces: 1 (10' x 25') Maximum Building Height: 134'0"" Minimum Setbacks: Per plans Minimum Bicycle parking spaces: 120 Applicant: CRG Acquisition, LLC Addres ...",High-confidence mechanical PD FAR text extraction.,mechanical,
SO2017-2162,chatgpt_review,base_to_pd,DX-3,PD,3.0,6.5,3.5,upzone,6.5,total_far,high,2017-03-29,2017-10-11,packet_02,7,"Statement says project received bonus FAR 1.5; with this bonus FAR, total FAR for the Planned Development is 6.5.",Original parsed base is DX-3=3.0; final PD FAR is 6.5.,ChatGPT,2026-07-03
SO2017-2166,mechanical_text_high,base_to_pd,M2-3,PD,3.0,5.75,2.75,upzone,5.75,to_far_text,high,2017-03-29,2017-09-06,,,"... ion: August 17, 2017 EASTAl 35036004.8 FINAL FOfi PUBLiCATieU BUSINESS PLANNED DEVELOPMENT NO. BULK REGULATIONS AND DATA TABLE Gross Site Area (sf): 36,233 Area of Public Rights-of-Way (sf): 13,343 Net Site Area (sf): 22,890 Subarea A: 7,453 Subarea B: 15,437 Maximum Floor Area Ratio: 5.75 Subarea A: 3.042 Subarea B: 7.058 Maximum Floor Area (sf): 131,617 Subarea A: 22,669 Subarea B: 108,948 Minimum Off-Street Parking Spaces: Subarea A: 0 Subarea B: 27 Minimum Off-Street Loading Spaces: Subarea A: 0 Subarea B: 1 (10'x25') Maximum Building Heigh ...",High-confidence mechanical PD FAR text extraction.,mechanical,
SO2017-2168,mechanical_text_high,base_to_pd,CL-3,PD,3.0,6.2,3.2,upzone,6.2,to_far_text,high,2017-03-29,2017-09-06,,,"... ced: March 29, 2017 Plan Commission: Augu.st 17, 2017 r.A.S1A141M12l7? FINAL FOR PUBLICATION RESIDENTIAL-BUSLNESS PLANNED DEVELOPMENT NO. BULK REGULATIONS AND DATA TABLE Gross Site Area (sf): 61,219 Area in Right-of-Way (sf): 19,623 Net Site Area (sf): 41,596 Maximum Floor Area Ratio: 6.2 Maximum Number of Dwelling Units: 263 Minimum Off-Street Parking Spaces: 128 Minimum Bicycle Parking: 134 Minimum Off-Street Loading Spaces: 1 (10' x 25') Maximum Building Height: 162'5"" Minimum Setbacks: In conformance with the Plans Applicant: MP 158-174 Ad ...",High-confidence mechanical PD FAR text extraction.,mechanical,
SO2017-2210,mechanical_text_high,base_to_pd,B1-3,PD,3.0,3.0,0.0,same,3.0,to_far_text,high,2017-03-29,2017-05-24,,,"... Date: April 20, 2017 FINAL FOR PUBLICATION RESIDENTIAL BUSINESS PLANNED DEVELOPMENT PLAN OF DEVELOPMENT BULK REGULATIONS AND DATA TABLE GROSS SITE AREA: 37,768.25 sq. fl. Net Site Area; 31,286 sq. ft. Area remaining in the public nght-of-way: 6,482.25 sq. ft FAR: 3.0 SETBACKS FROM PROPERTY LINE: In accordance with the Site Plan MAXIMUM NUMBER OF UNITS: 105 MINIMUM NUMBER OF ACCESSORY OFF-STREET PARKING: 45 MINIMUM NUMBER OF OFF-STREET LOADING: (1) 10' x 25' MAXIMUM BUILDING HEIGHT; 78 feet 6 inches BICYCLE PARKING: 105 Ap ...",High-confidence mechanical PD FAR text extraction.,mechanical,
SO2017-3196,chatgpt_review,base_to_pd,DX-5,PD,5.0,5.0,0.0,same,5.0,maximum_floor_area_ratio,medium,2017-04-19,2017-11-08,packet_05,15,"Bulk table lists Maximum Floor Area Ratio 5.0, with subareas 12.31, 2.08, and 1.45.","Use whole-PD FAR 5.0, not subarea value 12.31.",ChatGPT,2026-07-03
SO2017-3218,chatgpt_review,base_to_pd,B3-2,PD,2.2,2.5,0.3,upzone,2.5,total_maximum_floor_area_ratio,high,2017-04-19,2017-06-28,packet_07,15,"Bulk table lists Total Maximum Floor Area Ratio 2.5, with Sub Area A 0.5, Sub Area B 2.8, and Sub Area C 2.4.",Original districts include B3-2 and M1-2; both FAR 2.2.,ChatGPT,2026-07-03
SO2017-3794,chatgpt_review,base_to_pd,RM-6,PD,4.4,5.081,0.681,upzone,5.081,maximum_floor_area_ratio,high,2017-05-24,2017-06-28,packet_04,4,"Bulk table lists Maximum Floor Area Ratio 5.081; statement says permitted FAR determined using net site area 25,431 square feet and base FAR 5.081.",Use whole-PD FAR 5.081.,ChatGPT,2026-07-03
SO2017-3796,mechanical_text_high,base_to_pd,CL-1,PD,1.2,4.3,3.1,upzone,4.3,to_far_text,high,2017-05-24,2017-10-11,,,"... ntified in the Bulk Regulations Table has been determined using a Net Site Area of 3,168.39 square feet. 9. The Applicant acknowledges that the project has received a bonus FAR of 1.3 pursuant to Sec. 17-4-1000 ofthe Zoning Ordinance. With this bonus FAR, the total FAR for the Planned Development is 4.3. In exchange for the bonus FAR, the Applicant is required to make a corresponding payment, pursuant to Sections 17.4-1003-B & C, prior to the issuance of the first building permit for any building in the Planned Development. The bonus payment will be recalcul ...",High-confidence mechanical PD FAR text extraction.,mechanical,
SO2017-3800,chatgpt_review,base_to_pd,RT-4,PD,1.2,0.7,-0.5,downzone,0.7,far_bulk_table,medium,2017-05-24,2019-06-12,packet_01,5,Bulk table lists FAR: .70 and ordinance starts from RT-4 and C1-3 before B2-3 to PD.,"Existing parsed from FAR is RT-4=1.2; note ordinance also includes C1-3, but PD FAR is below both original FARs.",ChatGPT,2026-07-03
SO2017-3807,chatgpt_review,base_to_pd,C2-3,PD,3.0,3.3,0.3,upzone,3.3,maximum_floor_area_ratio,high,2017-05-24,2018-09-20,packet_07,16,Bulk table lists Maximum Floor Area Ratio 3.3.,Original districts include C2-3 and B2-3; both FAR 3.0.,ChatGPT,2026-07-03
SO2017-3808,chatgpt_review,base_to_pd,RT-4,PD,1.2,1.2,0.0,same,1.2,maximum_floor_area_ratio_all_subareas,high,2017-05-24,2018-01-17,packet_08,7,Bulk table lists Maximum Floor Area Ratio for all Sub-Areas 1.2 and each subarea 1.2.,Use whole-PD FAR 1.2.,ChatGPT,2026-07-03
SO2017-3834,mechanical_text_high,base_to_pd,CL-2,PD,2.2,6.47,4.27,upzone,6.47,to_far_text,high,2017-05-24,2018-05-25,,,"... lowing Neighborhood Opportunity Fund fioor area bonus criteria; otherwise more specifically described in Sections 16-14-010, 17-4-1000 and other referenced portions of the Municipal Code of Chicago: Description FAR Base FAR: 5.0 Neighborhood Opportunity: 1.47 Total FAR: 6.47 Neighborhood Opportunity Bonus Calculation: 1.47 X 54,881 = 80,675.07 square feet 80,675.07 square feet X $29.00 per square foot X 0.80 = $1,871,661.62 contribution The Applicanl acknowledges that the project has received a bonus FAR of 1.47, pursuant to Sec. ...",High-confidence mechanical PD FAR text extraction.,mechanical,
SO2017-3852,chatgpt_review,base_to_pd,B2-5,PD,5.0,2.52,-2.48,downzone,2.52,maximum_far_pd,high,2017-05-24,2017-11-08,packet_04,2,"Bulk table lists subarea FARs 0.69, 3.75, 3.56, 3.84 and Maximum Floor Area Ratio (FAR) (PD): 2.52.","Use whole-PD FAR 2.52, not subarea value 0.69.",ChatGPT,2026-07-03
SO2017-4126,chatgpt_review,base_to_pd,RS-2,PD,0.65,0.65,0.0,same,0.65,maximum_floor_area_ratio,high,2017-05-24,2017-11-08,packet_08,8,Bulk table lists Maximum Floor Area Ratio 0.65.,Use whole-PD maximum FAR 0.65.,ChatGPT,2026-07-03
SO2017-4820,chatgpt_review,base_to_pd,C2-2,PD,2.2,2.59,0.39,upzone,2.59,maximum_floor_area_ratio,high,2017-06-28,2017-10-11,packet_07,12,Bulk table lists Maximum Floor Area Ratio 2.59.,Evidence shows C2-2 to B3-3 to PD; use pre-ordinance C2-2 FAR 2.2 and final PD FAR 2.59.,ChatGPT,2026-07-03
SO2017-4821,chatgpt_review,base_to_pd,RS-2,PD,0.65,2.0,1.35,upzone,2.0,maximum_floor_area_ratio,high,2017-06-28,2017-10-11,packet_07,3,Bulk table lists Maximum Floor Area Ratio 2.0.,Original districts include RS-2 and RS-3; retained parsed RS-2 FAR 0.65.,ChatGPT,2026-07-03
SO2017-6218,chatgpt_review,base_to_pd,C1-2,PD,2.2,5.0,2.8,upzone,5.0,maximum_floor_area_ratio,high,2017-09-06,2018-02-28,packet_05,8,Bulk table lists Maximum Floor Area Ratio 5.0.,Evidence shows C1-2 to C1-5 to PD; use pre-ordinance C1-2 FAR 2.2 and final PD FAR 5.0.,ChatGPT,2026-07-03
SO2017-6219,chatgpt_review,base_to_pd,DC-16,PD,16.0,16.0,0.0,same,16.0,maximum_floor_area_ratio,high,2017-09-06,2017-11-08,packet_08,9,Bulk table lists Maximum Floor Area Ratio 16.0; statement says base FAR 16.0.,Use whole-PD maximum FAR 16.0.,ChatGPT,2026-07-03
SO2017-7018,chatgpt_review,base_to_pd,DX-5,PD,5.0,11.5,6.5,upzone,11.5,total_far,medium,2017-10-11,2018-07-25,packet_01,13,"Statement says with bonus FAR, the total FAR for the Planned Development is 11.5.",Final boundary also includes prior PD No. 1230; using parsed DX-5 base FAR because packet transition is base_to_pd and gives no prior-PD FAR.,ChatGPT,2026-07-03
SO2017-7020,mechanical_text_high,base_to_pd,DX-7,PD,7.0,16.0,9.0,upzone,16.0,to_far_text,high,2017-10-11,2018-02-28,,,"... Introduced: October 11, 2017 Plan Commission: January 18, 2018 7 LASTM 46826706 4 RESIDENTIAL-BUSINESS PLANNED DEVELOPMENT NO. BULK REGULATIONS AND DATA TABLE Gross Site Area (sf): 147,133 Area of Public Rigiits-of-Way (sf); 50,915 Net Site Area (sf); 96,218 Maximum Floor Area Ratio; 16.0 Maximum Number of Dwelling Units; 869 Minimum Accessoiy Off-Street Parking 865 Spaces; Maximum Non-Accessory Off-Street 225 Parking Spaces; Minimum Off-Street Loading Spaces; 5 (10'x25') Maximum Building Height; Per plans Minimum Setbacks; Per plans 7!AL FL P ...",High-confidence mechanical PD FAR text extraction.,mechanical,
SO2017-7054,mechanical_text_high,base_to_pd,B3-3,PD,3.0,5.0,2.0,upzone,5.0,to_far_text,high,2017-10-11,2018-03-28,,,"... of 7 r'NAL FOR PL''5i.'CATioKf Residential-Business Planned Development No. Bulk Regulations and Data Table Net Site Area: Area in the Public Right of Way: Gross Site Area: 19,559 sq. ft. (0.449 acres) 8,244 sq. ft. (0.189 acres) 27,803 sq. ft. (0.638 acres) Maximum Floor Area Ratio (FAR): 5.00 Maximum Number of Dwelling Units: Minimum Number of Parking Spaces: Minimum Number of Loading Berths: Maximum Building Height: 105 dwelling units 39 parking spaces 1 berth(s) (10'x25') 96 feet, 0 inches ' Minimum Setbacks from Property Lines: North: East: Sou ...",High-confidence mechanical PD FAR text extraction.,mechanical,
SO2017-7058,chatgpt_review,base_to_pd,DS-5,PD,5.0,7.6,2.6,upzone,7.6,total_far,high,2017-10-11,2018-10-31,packet_02,15,Bulk table lists Total Maximum FAR 7.6; statement says base FAR 5.0 plus bonus FAR 2.6 gives total FAR 7.6.,Use total PD FAR including bonus.,ChatGPT,2026-07-03
SO2017-7359,chatgpt_review,base_to_pd,ML-2,PD,2.2,0.35,-1.85,downzone,0.35,maximum_floor_area_ratio,high,2017-10-11,2017-11-21,packet_08,10,Bulk table lists Underlying FAR 2.20 and Maximum Floor Area Ratio 0.35.,Original districts include M1-2 and M2-2; both FAR 2.2.,ChatGPT,2026-07-03
SO2017-8890,chatgpt_review,base_to_pd,RS-3,PD,0.9,3.0,2.1,upzone,3.0,maximum_far,high,2017-12-13,2018-05-25,packet_06,14,"Bulk table lists Maximum FAR 3.0, with Sub Area A 1.8, Sub Area B 3.3, and Sub Area C 3.0.","Use whole maximum FAR 3.0, not subarea B 3.3.",ChatGPT,2026-07-03
SO2017-8972,mechanical_text_high,base_to_pd,ML-3,PD,3.0,0.62,-2.38,downzone,0.62,to_far_text,high,2017-12-13,2018-02-28,,,"... 18 Page 4 of 4 Man ufac taring Planned Development No. FOR PUSLICfiim BULK REGULATIONS AND DATA TABLE Gross Site Area: Area in Adjoining Right-of-Way: Net Site Area: 419,687 sq.ft. ( 9.635 acres ) 61,458 sq.ft.- ( 1.411 acres ) 358,229 sq. ft. ( 8.224 acres ) Maximum Floor Area Ratio (FAR): 0.62 Maximum Dwelling Units Minimum Number of Off-Street Parking Spaces: Minimum Number of Loading Spaces: Minimum Setbacks from Property Lines: 0 dweling units 100 parking spaces 10 spaces (10' x 25') Per attached site plans. Maximum Building Height: Maximum Free ...",High-confidence mechanical PD FAR text extraction.,mechanical,
SO2017-8984,mechanical_text_high,base_to_pd,M2-3,PD,3.0,8.1,5.1,upzone,8.1,to_far_text,high,2017-12-13,2018-03-28,,,"... oduced: December 13, 2017 Plan Commission: March 15, 2018 EASTM 49060063.2 FINAL FOR PUBIJCATION BUSINESS PLANNED DEVELOPMENT NO. BULK REGULATIONS AND DATA TABLE Gross Site Area (sf): 96,635 Area of Public Rights-of-Way (st): 34,735 Net Site Area (sf): 61,900 Maximum Floor Area Ratio: 8.1 Maximum Dwelling Units: 0 Minimum Off-Street Parking Spaces: 118 Minimum Off-Street Loading Spaces: 3 Maximum Building Height: 250'6"" Minimum Setbacks: In conformance with the Plans Applicant: Green Kinzie, LLC Address: 352-372 North Green / 833-857 West Kinz ...",High-confidence mechanical PD FAR text extraction.,mechanical,
SO2017-8996,mechanical_text_high,base_to_pd,M2-3,PD,3.0,11.5,8.5,upzone,11.5,to_far_text,high,2017-12-13,2018-02-28,,,"... ntified in the Bulk Regulations Table has been determined using a Net Site Area of 109,274 .square feet. The Applicant acknowledges that the projecl has received a bonus FAR of 4.5, pursuant to Sec. 17-4- 1000 of the Zoning Ordinance. With this bonus FAR, the total FAR for the Planned Development is 11.5. In exchange for the bonus FAR, the Applicant is required to make a corresponding payment, pursuant to Sections 17.4-1003-B & C, prior to the issuance of the first building permit for any building in the Planned Development; provided, however, if the Planned ...",High-confidence mechanical PD FAR text extraction.,mechanical,
SO2017-8997,mechanical_text_high,base_to_pd,M2-3,PD,3.0,8.1,5.1,upzone,8.1,to_far_text,high,2017-12-13,2018-07-25,,,"... ed December 13, 2017 Plan Commisr.ion. July '.9,2018 4 CAST\1187762'17,5 FiNAL FOR PUBl ICiJlW) BUSINESS PLANNED DEVELOPMENT NO. BULK REGUT.ATIONS AND DATA TABl.E Gross Site Area (sf): 37,164 Area of Public Rights-of-Way (sf): 3,868 Net Site Area (sf): 33,296 Maximum Floor Area Ratio; 8.1 Minimum Off-Street Parking Spaces: 47 Minimum Off-Street Loading Spaces; 2 (10' x 25') Maximum Building Height: 170' Minimum Setbacks: In compliance with plans A|iplicant Goodman & Associaics, Iiic Addioss 310-32S North Sangjtr.on / 933-943 West Carroll, Chic ...",High-confidence mechanical PD FAR text extraction.,mechanical,
SO2018-549,mechanical_text_high,base_to_pd,ML-1,PD,1.2,0.4,-0.8,downzone,0.4,to_far_text,high,2018-01-17,2018-03-28,,,"... enue Introduced; November 8, 20!7 Plan Commission; March 15,2018 EAST\ 14 7940845 3 rl-iAl FOR BUSINESS PLANNED DEVELOPMENT NO. BULK REGULATIONS AND DATA TABLE Gross Site Area (sf): 422,763 Area of Public Rights-of-Way (sf): 30,199 Net Site Area (sf): 392,564 Maximum Floor Area Ratio: .40 Minimum Off-Street Parking Spaces: 515 Minimum Bicycle Parking Spaces: 103 Minimum Off-Street Loading Spaces: 4 Maximum Building Height: 46'0"" Minimum Setbacks: Per plans Applicant: Foster Edens LLC Address: 4601-4715 West Foster Avenue Introduced: November 8 ...",High-confidence mechanical PD FAR text extraction.,mechanical,
SO2018-646,chatgpt_review,base_to_pd,M3-3,PD,3.0,3.0,0.0,same,3.0,maximum_far,high,2018-01-17,2018-09-20,packet_01,2,"Bulk table lists Maximum FAR: 3.00 and statement says permitted FAR uses net site area 182,024 sq ft and overall base FAR 3.00.",Mechanical 1.0 is not the project FAR; whole-PD FAR is 3.00.,ChatGPT,2026-07-03
SO2018-655,mechanical_text_high,base_to_pd,ML-3,PD,3.0,6.5,3.5,upzone,6.5,to_far_text,high,2018-01-17,2018-03-28,,,"... ll also be subject to height limitations, if any, established by the Federal Aviation Administration. 8. The Applicant acknowledges that the project has received a bonus FAR of 1.50, pursuant to Sec. 17-4-1000 of the Zoning Ordinance. With this bonus FAR, the total FAR for the Planned Development is 6.50. In exchange for the bonus FAR, the Applicant is required to make a corresponding payment, pursuant to Sections 17-4-1003-B & C, prior to the issuance of the first building permit for any building in the Planned Development; provided, however, if the Planned ...",High-confidence mechanical PD FAR text extraction.,mechanical,
O2018-866,mechanical_text_high,base_to_pd,RT-4,PD,1.2,1.2,0.0,same,1.2,to_far_text,high,2018-02-28,2018-03-28,,,"... T NUMBER BULK REGULATIONS AND DATA TABLE Gross Site Area: 131,899 square feet (3.03 acres) Area Remaining in Public Right of Way 36,652 square feet (.84 acres) Net Site Area: 95,247 square feet (2.19 acres) Maximum Number of Dwelling Units: 134 Dwelling Units Maximum Floor Area Ratio: 1.2 Minimum Number of Off-Street Total Parking Spaces: 31 Off-Street Loading Spaces: 1 (10x25) Minimum Required Setbacks: As Per Site Plan Maximum Building Height of the top Residential Floor per Section 17-17-0311 of the Zoning Ordinance: 32 feet 209285.1 Applic ...",High-confidence mechanical PD FAR text extraction.,mechanical,
SO2018-1865,chatgpt_review,base_to_pd,M2-1,PD,1.2,0.2,-1.0,downzone,0.2,maximum_floor_area_ratio_total_net_site_area,high,2018-02-28,2018-05-25,packet_04,16,Bulk table lists Maximum Floor Area Ratio for Total Net Site Area: 0.20.,Use whole-PD FAR 0.20.,ChatGPT,2026-07-03
SO2018-863,chatgpt_review,base_to_pd,RS-2,PD,0.65,1.0,0.35,upzone,1.0,maximum_floor_area_ratio_all_subareas,high,2018-02-28,2018-05-25,packet_07,13,Bulk table lists Maximum Floor Area Ratio for all Sub-Areas 1.0 and each subarea 1.0.,"Original districts include RS-2, B3-2, and C1-2; retained parsed RS-2 FAR 0.65.",ChatGPT,2026-07-03
SO2018-2329,chatgpt_review,base_to_pd,M2-1,PD,1.2,0.15,-1.05,downzone,0.15,maximum_floor_area_ratio_total_net_site_area,high,2018-03-28,2018-06-27,packet_04,14,Bulk table lists Maximum Floor Area Ratio for Total Net Site Area: 0.15.,Use whole-PD FAR 0.15.,ChatGPT,2026-07-03
SO2018-3787,chatgpt_review,base_to_pd,B3-2,PD,2.2,5.0,2.8,upzone,5.0,maximum_far_pd,high,2018-04-18,2018-06-27,packet_03,8,"Bulk table lists Subarea A 3.43, Subarea B 6.25, and Maximum Floor Area Ratio (FAR) (PD): 5.00.","Use whole-PD FAR 5.00, not subarea values.",ChatGPT,2026-07-03
SO2018-4455,chatgpt_review,base_to_pd,DS-3,PD,3.0,5.65,2.65,upzone,5.65,total_initial_far,high,2018-05-23,2018-12-12,packet_02,14,Bulk table lists Maximum Floor Area Ratio 5.65; statement says base FAR 5.0 plus initial bonus FAR .65 gives total initial FAR 5.65.,Original parsed base is DS-3=3.0; final initial PD FAR is 5.65.,ChatGPT,2026-07-03
SO2018-4929,chatgpt_review,base_to_pd,M2-3,PD,3.0,8.1,5.1,upzone,8.1,total_far,high,2018-06-27,2018-09-20,packet_01,16,"Statement says base FAR 5.0, bonus FAR 3.1, and total FAR for the Planned Development is 8.1.",Use total PD FAR including bonus.,ChatGPT,2026-07-03
SO2018-4930,mechanical_text_high,base_to_pd,C3-5,PD,5.0,5.0,0.0,same,5.0,to_far_text,high,2018-06-27,2018-10-31,,,"... e 27, 2018 Plan Commission: Oclober 18, 2018 EAS'lAl 6059423 LI Final for Publication RESIDENTIAL PLANNED DEVELOPMENT NO. BULK RECiULATIONS AND DATA TABLE Gross Site Area (sf): 55,616 Area of Public Rights-of-Way (sf): 11,537 Net Site Area (sf): - _44,079 _ _ Maximum Floor Area Ratio: 5.0 Maximum Number of Dwelling Units: 197 Parking Spaces: 56 Bicycle Parking: 181 Loading Berth: l(10'x25') Maximum Building Height: 80 feet Minimum Setbacks: Per plans Applicant: Structured Development, LLC Address: 1505-1535 North Dayton Introduced: June 27, 20 ...",High-confidence mechanical PD FAR text extraction.,mechanical,
SO2018-4966,mechanical_text_high,base_to_pd,DS-3,PD,3.0,9.75,6.75,upzone,9.75,to_far_text,high,2018-06-27,2018-12-12,,,"... s and Data Table has been determined using a net site area of 17,386 square feet and a base FAR of 7.0. The Applicant acknowledges that tlie project has received a bonus FAR of 2.75, pursuant to Sec. 17-4-1000 of the Zoning Ordinance. With this bonus FAR, the total FAR for the Planned Development is 9.75. In exchange for the bonus FAR, the Applicant is required to make a corresponding payment, pursuant to Sections 17-4-1003-B & C, prior to the issuance of the first building permit for any building in the Planned Development; provided, however, if the Planned ...",High-confidence mechanical PD FAR text extraction.,mechanical,
SO2018-4967,mechanical_text_high,base_to_pd,DX-7,PD,7.0,11.5,4.5,upzone,11.5,to_far_text,high,2018-06-27,2018-12-12,,,"... ons and Data Table has been determined using a net site area of 15,660 square feet and a base FAR of 7.0. The Applicant acknowledges that the project has received a bonus FAR of 4.5, pursuant to Sec. 17-4-1000 of the Zoning Ordinance. With this bonus FAR, the total FAR for the Planned Development is 11.5. In exchange for the bonus FAR, the Applicant is required to make a corresponding payment, pursuant to Sections 17-4-1003-B & C, prior to the issuance of the first building permit for any building in the Planned Development; provided, however, if the Plarmed ...",High-confidence mechanical PD FAR text extraction.,mechanical,
SO2018-7749,chatgpt_review,base_to_pd,DX-7,PD,7.0,11.5,4.5,upzone,11.5,total_far,high,2018-09-20,2018-10-31,packet_02,1,Bulk table lists Maximum Floor Area Ratio 11.5; statement says base FAR 7.0 plus bonus FAR 4.5 gives total FAR 11.5.,Use total PD FAR including bonus.,ChatGPT,2026-07-03
SO2018-7752,mechanical_text_high,pd_to_base,PD,DX-7,4.92,7.0,2.08,upzone,4.92,from_far_text,high,2018-09-20,2018-10-31,,,"... bic. For the purpose of FAR calculations and measurements, the definitions in the Zoning Ordinance shall apply. The pemiitted FAR identified in the Bulk Regulations and Data Table has been determined using a net site area of 93,329 square f^eet and an overall maximum FAR of 4.92. 9. Upon review and determination, Part II Review, pursuant to Section 17-13-0610, a Part II Review Fee shall be assessed by the Department of Planning and Development. The fee, as determined by staff at the time, is final and binding on the Applicant and mus ...",High-confidence mechanical PD FAR text extraction.,mechanical,
SO2018-7770,chatgpt_review,base_to_pd,DX-3,PD,3.0,5.75,2.75,upzone,5.75,total_far,high,2018-09-20,2019-07-24,packet_02,12,"Statement says base FAR 3.0 and bonus FAR 2.75; with this bonus FAR, total FAR for the Planned Development is 5.75.",Use total PD FAR including bonus.,ChatGPT,2026-07-03
SO2018-8012,chatgpt_review,base_to_pd,DX-5,PD,5.0,11.5,6.5,upzone,11.5,maximum_floor_area_ratio,high,2018-10-31,2019-06-12,packet_01,14,Bulk table lists Maximum Floor Area Ratio: 11.5; statement says base FAR 7.0 plus bonus FAR 4.5 gives total FAR 11.5.,"Original area includes DX-5 and C2-5, both ordinary FAR 5.0; final whole-PD FAR is 11.5.",ChatGPT,2026-07-03
SO2018-9254,chatgpt_review,base_to_pd,RS-2,PD,0.65,0.9,0.25,upzone,0.9,maximum_floor_area_ratio,high,2018-12-12,2019-04-10,packet_07,17,Bulk table lists Maximum Floor Area Ratio .90.,Original districts include RS-2 and RS-3; retained parsed RS-2 FAR 0.65.,ChatGPT,2026-07-03
SO2018-9261,mechanical_text_high,base_to_pd,DX-5,PD,5.0,8.1,3.1,upzone,8.1,to_far_text,high,2018-12-12,2021-04-21,,,"... ember 12, 2018 Plan Commission: April 15,2021 EAST\162766318.6 FINAL FOR PUBLICATION RESIDENTIAL-BUSINESS PLANNED DEVELOPMENT NO. BULK REGULATIONS AND DATA TABLE Gross Site Area (sf): 36,024 Area of Public Rights-of-Way (sf): 11,649 Net Site Area (sf): 24,375 Maximum Floor Area Ratio: 8.1 Maximum Number of Dwelling Units: 80 Parking Spaces: 115 Bicycle Parking: 50 Loading Berth: 2 (10'x 25') Maximum Building Height: 258' Minimum Setbacks: Per plans Applicant: Sangamonroe LLC Address: 37 South Sangamon, Chicago, Illinois Introduced: December 12 ...",High-confidence mechanical PD FAR text extraction.,mechanical,
SO2019-328,chatgpt_review,base_to_pd,DX-7,PD,7.0,9.236,2.236,upzone,9.236,total_far,high,2019-01-23,2019-07-24,packet_02,17,"Statement says project received bonus FAR 2.326; with this bonus FAR, total FAR for the Planned Development is 9.236.","Use stated total PD FAR; note arithmetic implies base around 6.91, but parsed base DX-7=7.0 is retained.",ChatGPT,2026-07-03
SO2019-332,chatgpt_review,base_to_pd,BL-2,PD,2.2,1.2,-1.0,downzone,1.2,far,high,2019-01-23,2019-07-24,packet_06,9,"Statement says permitted FAR was determined using net site area 244,540 square feet and a FAR of 1.2.","Use whole-PD FAR 1.2, not mechanical 5.0.",ChatGPT,2026-07-03
SO2019-1383,mechanical_text_high,base_to_pd,DX-5,PD,5.0,8.1,3.1,upzone,8.1,to_far_text,high,2019-03-13,2019-10-16,,,"... Gross Site Area (sO: 143,292 Subarea A: 68,740 Subarea B: 32,509 Subarea C: 42,043 Area of Public Rights-of-Way (st): 37,369 Subarea A: 22,437 Subarea B: 6,292 Subarea C: 8,640 Net Sile Area (sf): 105,923 Subarea A: 46,303 Subarea B: 26,217 Subarea C: 33,403 Maximum Floor Area Ratio: 8.10 (857,976 SF) Subarea A: 11.58 (536,251 SF) Subarea B: 8.10 (212,358 SF) Subarea C: 3.27 (109,367 SF) Minimum Accessory Off-Street Parking Spaces: Subarea A: 137 Subarea B: 34 Subarea C: 30 Applicant: 345 N. Morgan, LLC Address: 1000 West Carroll /3ll and 345 ...",High-confidence mechanical PD FAR text extraction.,mechanical,
SO2019-1384,chatgpt_review,base_to_pd,M2-1,PD,1.2,0.25,-0.95,downzone,0.25,maximum_floor_area_ratio_total_net_site_area,high,2019-03-13,2019-06-12,packet_04,17,Bulk table lists Maximum Floor Area Ratio for Total Net Site Area: 0.25.,Use whole-PD FAR 0.25.,ChatGPT,2026-07-03
SO2019-2659,mechanical_text_high,base_to_pd,BL-1,PD,1.2,3.3,2.1,upzone,3.3,to_far_text,high,2019-04-10,2019-11-20,,,"... uare feet (1.43 acres) Area Remaining in Public Right of Way: 15,375 square feel (.35 acres) Area lo be Dedicated as Right of Way: 5,761 square feet (.13 acres) Net Site Area: 41,169 square feet (.95 acres) Maximum Number of Dwelling Units: 100 Dwelling Unils Maximum Floor Area Ratio: 3.3 Minimum Number of Off-Street Total Parking Spaces: 20 Parking Spaces Minimum Bicycle Spaces 93 spaces Off-Street Loading Spaces: 1 10x25 Minimum Required Setbacks: As Per Site Plan Maximum Building Height of the top Residential Floor per Seclion 17-17-0311 of ...",High-confidence mechanical PD FAR text extraction.,mechanical,
SO2019-2789,chatgpt_review,base_to_pd,M2-3,PD,3.0,2.5,-0.5,downzone,2.5,maximum_floor_area_ratio_all_subareas,high,2019-04-10,2021-05-26,packet_01,6,Bulk table lists Maximum Floor Area Ratio for all Sub-Areas: 2.5; Subarea A 3.95 and Subarea B 1.53.,"Use all-subareas FAR, not subarea values.",ChatGPT,2026-07-03
SO2019-4017,mechanical_text_high,base_to_pd,RS-3,PD,0.9,3.0,2.1,upzone,3.0,to_far_text,high,2019-05-29,2020-01-15,,,"... y 20, 2019 Plan Commission; November 21, 2019 1:AST\I66396537.4 Firm for Publication RESIDENTIAL-BUSINESS PLANNED DEVELOPMENT NO. BULK REGULAUONS AND DATA TABLE Gross Sile Area (sf); 120.075 Area of Public Righls-of-Way (sl): 16,850 Net Site Area (sO: 103,225 Maximum Floor Area Ratio; 3.0 Maximum Number of Dwelling Units: 107 Minimum Off-Street Parking Spaces; 53 Minimum OIT-Street Loading Spaces: 1 Maximum Building Height: 102 feet (exisfing building height) Minimum Setbacks; Per plans Applicant; RBH Chicago Project, LLC Address: 2600-2624 W ...",High-confidence mechanical PD FAR text extraction.,mechanical,
SO2019-4022,chatgpt_review,base_to_pd,ML-2,PD,2.2,3.8,1.6,upzone,3.8,maximum_floor_area_ratio_all_subareas,high,2019-05-29,2022-03-23,packet_07,1,Bulk table lists Maximum Floor Area Ratio for all Sub-Areas: 3.8.,Evidence shows M1-2 to B2-3 to PD; use pre-ordinance M1-2 FAR 2.2 and final PD FAR 3.8.,ChatGPT,2026-07-03
SO2019-4023,chatgpt_review,base_to_pd,DX-16,PD,16.0,25.974,9.974,upzone,25.974,total_far,high,2019-05-29,2019-07-24,packet_07,2,"Statement says bonus FAR 9.974; with this bonus FAR, total FAR for the Planned Development is 25.974.",Use total PD FAR including bonus; mechanical 17.4 is not supported by quoted evidence.,ChatGPT,2026-07-03
SO2019-4105,mechanical_text_high,base_to_pd,DX-5,PD,5.0,8.1,3.1,upzone,8.1,to_far_text,high,2019-06-12,2019-09-18,,,"... st 15, 2019 lr:A,S I'M 66917372.1 ri for Publication BUSINESS I'LANMT) DEVELOPMEN 1 NO. HULK REGULA 1 IONS AND DATA TABLE (""iross Site Area (sf): 54,091 Area of Public Riglils-of-Way (sf): 23,882 Nct Site Area (sf):' 30,209 Subarea A; 15,100 Subarea B: 15,109 Maximum Floor Area Ratio: 8.1 Subarea A: 6.05 Subarea B: 10.14 Maximum Number of Dwelling Units: 0 Maximum Accessory Off-Street Parking Spaces: 130 Minimum Off-Street Loading Spaces; Subarea A; , 0 Subarea B; 2 Minimum Nuinber of Bicycle Parking Spaces; Subarea A; 15 Subarea B; 45 Maximum ...",High-confidence mechanical PD FAR text extraction.,mechanical,
SO2019-4107,mechanical_text_high,base_to_pd,B3-5,PD,5.0,5.0,0.0,same,5.0,to_far_text,high,2019-06-12,2020-01-15,,,"... uced June 12, 2019 Plan Commission December 19,2019 EASTM 66480674.2 nm tor Publication RESIDENTIAL-BUSINESS PLANNED DEVELOPMENT NO. BULK REGULATIONS AND DATA TABLE Gross Site Area (sO: 29,533 Area of Public Rights-of-Way (sO: 10,529 Net Site Arca(sl): 19,004 Maximum Floor Area Ratio; 5.0 Maximum Permitted Dwelling Units: 91 Minimum Off-Street Parking Spaces: 33 Minimum Loading Spaces: 2 Minimum Bicycle Parking Spaces: 91 Maximum Building Height: 134'8"" Minimum Setbacks: In accordance with plans Applicant Lookout LLC Address 1200-1212 N State, ...",High-confidence mechanical PD FAR text extraction.,mechanical,
SO2019-5544,mechanical_text_high,pd_to_base,PD,DC-16,11.8,16.0,4.2,upzone,11.8,from_far_text,high,2019-07-24,2019-09-18,,,"... hicular parking spaces and no bicycle parking spaces will be provided on site. The site will be served by a valet. NARRATIVE ZONING ANALYSIS (a) Floor Area and Floor Area Ratio: i. Lot area: 14,400 square feet iii. Total building area: 169,500 square feet iv. FAR: 11.8 (b) Density (Lot Area Per Dwelling Unit): N/A (c) Number of Off-street Parking Spaces: 0 vehicular parking spaces 0 bicycle parking spaces (d) Setbacks: i. Front setback: 0 feet ii. Side setback (east): 0 feet iii. Side setback (west): 0 feet iv. Rear setback ...",High-confidence mechanical PD FAR text extraction.,mechanical,
SO2019-5570,mechanical_text_high,base_to_pd,CL-1,PD,1.2,11.5,10.3,upzone,11.5,to_far_text,high,2019-07-24,2020-02-19,,,"... ns and Data Table has been detennined using a net site area of 19,863 square feet and a base FAR of 7.0. The Applicant acknowledges that the project has received a bonus FAR of 4.5, pursuant to Sec. 17-4- 1000 of the Zoning Ordinance. Wilh this bonus FAR, the total FAR for the Planned Development is 11.5. In exchange for the bonus FAR, the Applicant is required to make a corresponding payment. Applicant: North Park Ventures, LLC Address: 800 W Lake, Chicago, IL Introduced: July 24, 2019 Plan Commission: January 23, 2020 liASn 167937148.2 tmai for Pumication p ...",High-confidence mechanical PD FAR text extraction.,mechanical,
SO2019-5598,chatgpt_review,base_to_pd,RM-5,PD,2.0,3.75,1.75,upzone,3.75,maximum_permitted_far,high,2019-07-24,2020-02-19,packet_16,16,Bulk table lists Maximum Permitted FAR: 3.75.,Original districts include RM-5 and B3-2; retained parsed RM-5 FAR 2.0 and final PD FAR 3.75.,ChatGPT,2026-07-03
SO2019-6820,mechanical_text_high,pd_to_base,PD,T,5.0,1.5,-3.5,downzone,5.0,from_far_text,high,2019-09-18,2020-02-19,,,"... and Data Table referred to in these Plan of Development Statements reads as follows; Planned Development No. j Zljl . Bulk Regulations Table. Gross Site Area. 64,354 square feet Area in Public Right-of-Way: 16,046 square feet Net Site Area 48,308 square feet Maximum Floor Area Ratio: 5.0 Maximum Building Height: 155 feet Maximum Number Of Dwelling Units: 267 Minimum Number of Parking Spaces' 200 Minimum Number of Loading Berths. 3(10 feet by 25 feet) 1 (10 feet by 50 feet)",High-confidence mechanical PD FAR text extraction.,mechanical,
SO2019-6842,chatgpt_review,base_to_pd,M3-3,PD,3.0,4.4,1.4,upzone,4.4,maximum_overall_far,high,2019-09-18,2021-06-25,packet_03,5,"Bulk table lists MAXIMUM OVERALL FAR 4.4, Maximum Base FAR 3.0, Industrial Corridor Bonus FAR 1.4.",Use maximum overall PD FAR.,ChatGPT,2026-07-03
SO2019-6843,chatgpt_review,base_to_pd,ML-1,PD,1.2,1.0,-0.2,downzone,1.0,maximum_floor_area_ratio,high,2019-09-18,2021-05-26,packet_05,6,Bulk table lists Proposed Floor Area Ratio 1.0 and Maximum Floor Area Ratio 1.0.,Original districts include M1-1 and C1-2; retained parsed M1-1 FAR 1.2.,ChatGPT,2026-07-03
SO2019-6844,chatgpt_review,base_to_pd,RS-2,PD,0.65,1.2,0.55,upzone,1.2,maximum_floor_area_ratio,high,2019-09-18,2019-12-18,packet_07,10,Bulk table lists Maximum Floor Area Ratio 1.20.,Evidence shows RS-2 to RT-4 to Institutional PD; use pre-ordinance RS-2 FAR 0.65 and final PD FAR 1.2.,ChatGPT,2026-07-03
SO2019-6853,mechanical_text_high,pd_to_base,PD,B2-3,2.3,3.0,0.7,upzone,2.3,from_far_text,high,2019-09-18,2019-12-18,,,"... D DATA TABLE GROSS SITE AREA= NET SITE AREA + AREAS REMAINING IN PUBLIC RIGHTS OF WAV 219,588 SQ. FT. (5.04 ACRES) = 164,945 SQ. FT. (3.79 ACRES) + 54,643 SQ. FT. (1.25 ACRES) PERMITTED USES In accordance with Statement 5 NET SITE AREA 164,945 sq.ft./3.79 ac. MAXIMUM FLOOR AREA RATIO 2.30 BUILDING SIZE/USE MAXIMUM NUMBER OF DWELLING UNITS Existing 11 story buildings and 6 Story Bridge Building: 377,421 sq. ft./ Residential 485 MAXIMUM PERCENTAGE OF SITE COVERAGE In accordance with the Landscape Plan MAXIMUM BUILDING HEIGHT In accordance with t ...",High-confidence mechanical PD FAR text extraction.,mechanical,
SO2019-6860,mechanical_text_high,base_to_pd,M2-1,PD,1.2,7.85,6.65,upzone,7.85,to_far_text,high,2019-09-18,2020-02-19,,,"... s and Data Table has been determined using a net site area of 54,657 square feet and a base FAR of 5.0. The Applicant acknowledges that the project has received a bonus FAR of 2.85, pursuant to Sec. 17-4- 1000 of the Zoning Ordinance. With this bonus FAR, the total FAR for the Planned Development is 7.85. In exchange for the bonus FAR, the Applicant is required to make a corresponding payment, pursuant to Sections 17.4-1003-B & C, prior to the issuance ofthe first building permit for any building in the Planned Development; provided, however, if the Planned D ...",High-confidence mechanical PD FAR text extraction.,mechanical,
SO2019-6862,chatgpt_review,base_to_pd,CL-3,PD,3.0,1.0,-2.0,downzone,1.0,maximum_floor_area_ratio,high,2019-09-18,2020-02-19,packet_04,8,Bulk table lists Maximum Floor Area Ratio: 1.,"Original districts are C1-3/C3-3, both FAR 3.0; final Waterway PD FAR is 1.0.",ChatGPT,2026-07-03
SO2019-7966,chatgpt_review,base_to_pd,CL-1,PD,1.2,9.2,8.0,upzone,9.2,total_far,high,2019-10-16,2021-06-25,packet_01,9,"Statement says permitted FAR determined using net site area 39,465 and FAR of 9.2; with bonus FAR, total FAR for the PD is 9.2.",Use total PD FAR including bonus.,ChatGPT,2026-07-03
SO2019-7967,chatgpt_review,base_to_pd,DX-12,PD,12.0,15.9,3.9,upzone,15.9,total_far,high,2019-10-16,2019-12-18,packet_02,5,"Bulk table lists existing FAR 15.1 with bonus, proposed FAR 0.8, total FAR 15.9; statement says total FAR for the PD is up to 15.9.","Use total PD FAR; 0.8 is proposed increment, not whole-project FAR.",ChatGPT,2026-07-03
SO2019-7969,mechanical_text_high,base_to_pd,RS-2,PD,0.65,1.2,0.55,upzone,1.2,to_far_text,high,2019-10-16,2020-05-20,,,"... Klucetl. October 16. 2019 I'lan CoiniiiisMon. May S. 2020 LASTNI695 12727 2 FINAL FOR PUBLICATION Institutional Planned Development Number 1184, As Amended Bulk Reuulations and Data Table Gross Site Area: 785,084 square feet Net Site Area: 710,549 square feet Maximum Floor Area Ratio: 1.2 Minimum Number of Off-Street Parking Spaces: 400 Minimum Nurnber of Off-Street Loading Spaces: 3 Minimum Periphery Setbacks (for Buildings) In accordance with the Site Plan Maximum Building Height: In accordance with the Building Elevations Applicant Dcl'anI ...",High-confidence mechanical PD FAR text extraction.,mechanical,
SO2019-7972,mechanical_text_high,base_to_pd,DX-5,PD,5.0,11.5,6.5,upzone,11.5,to_far_text,high,2019-10-16,2020-04-24,,,"... LANNED DEVELOPMENT NO. BULK REGULATIONS AND DATA TABLE Gross Site Area (sO: 114,010 Subarea A: 92,658 Subarea B: 21,352 Area of Public Rights-of-Way (sf): 39,272 Subarea A: 27,282 Subarea B: 11,990 Net Site Area (sf): 74,738 Subarea A: 65,376 Subarea B: 9,363 Maximum Floor Area Ratio: 11.5 Subarea A: 12.7 Subarea B: 3.1 Maximum Permitted Dwelling Units: Subarea A: 370 Subarea B: 0 Minimum Off-Street Parking Spaces: 50 Minimum Off-Street Loading Spaces: Subarea A: 3(lO'x25') Subarea B: None Maximum Building Height: Applicant Randolph Halsted LLC ...",High-confidence mechanical PD FAR text extraction.,mechanical,
SO2019-8489,chatgpt_review,base_to_pd,,PD,2.2,3.3,1.1,upzone,3.3,maximum_floor_area_ratio,high,2019-11-13,2020-07-22,packet_10,3,"Ordinance changes B1-2 to B1-3, then B1-3 to PD; bulk table lists Maximum Floor Area Ratio 3.3.",Evidence supplies missing original B1-2 FAR 2.2 and final PD FAR 3.3.,ChatGPT,2026-07-03
SO2019-8492,mechanical_text_high,base_to_pd,M2-3,PD,3.0,3.0,0.0,same,3.0,to_far_text,high,2019-11-13,2022-04-27,,,"... November 13,2019 Plan Commission: TBf) |;AST\1S76I771S.3 FINAL FOR PUBLICATION INDUSTRIAL-INSTITUTIONAL PLANNED DEVELOPMENT NO. BULK REGULATIONS AND DATA TABLE Gross Site Area (sf): 979,570 Area of Public Rights-of-Way (sf): 99,270 Net Site Area (sf): 880,300 Maximum Floor Area Ratio: 3.0 Minimum Accessory Off-Street Parking 183 Spaces: Minimum Off-Street Loading Spaces: 4 (10' x 50') Maximuni Building Height: 50' Minimum Setbacks: In conformance with the Plans Dwelling Units: 0 Applicanl: Greaier Chicago Food Deposilory Address: 4100-4230 Wes ...",High-confidence mechanical PD FAR text extraction.,mechanical,
SO2019-8496,chatgpt_review,base_to_pd,CL-2,PD,2.2,6.4,4.2,upzone,6.4,total_far,high,2019-11-13,2020-12-16,packet_02,2,"Statement says base FAR 5.0 plus floor area bonus 1.4; with bonus FAR, total FAR for the PD is 6.4.",Original parsed base is C1-2=2.2; final PD FAR is 6.4.,ChatGPT,2026-07-03
SO2019-9348,chatgpt_review,base_to_pd,DX-5,PD,5.0,8.1,3.1,upzone,8.1,total_far,high,2019-12-18,2020-06-17,packet_02,8,"Statement says base FAR 5.0 and bonus FAR 3.1; with this bonus FAR, total FAR for the Planned Development is 8.1.",Use total PD FAR including bonus.,ChatGPT,2026-07-03
SO2019-9351,chatgpt_review,base_to_pd,DX-5,PD,5.0,8.1,3.1,upzone,8.1,total_far,high,2019-12-18,2020-04-24,packet_02,9,"Statement says project received bonus FAR 3.1; with this bonus FAR, total FAR for the Planned Development is 8.1.",Use total PD FAR including bonus.,ChatGPT,2026-07-03
SO2019-9352,chatgpt_review,base_to_pd,M2-3,PD,3.0,8.1,5.1,upzone,8.1,maximum_floor_area_ratio,high,2019-12-18,2020-07-22,packet_01,3,"Bulk table lists Net Site Area 59,952 and Maximum Floor Area Ratio: 8.1.",Mechanical 2.0 is loading spaces; whole-PD FAR is 8.1.,ChatGPT,2026-07-03
SO2019-9353,chatgpt_review,base_to_pd,CL-1,PD,1.2,8.1,6.9,upzone,8.1,maximum_floor_area_ratio,high,2019-12-18,2020-06-17,packet_01,11,Bulk table lists Maximum Floor Area Ratio: 8.1.,Use whole-PD maximum FAR 8.1.,ChatGPT,2026-07-03
SO2020-788,mechanical_text_high,pd_to_base,PD,B2-2,1.51,2.2,0.69,upzone,1.51,from_far_text,high,2020-02-19,2020-06-17,,,"... on. May 2 1, 2020 2 FINAL FOR PUBLICATION measurements, the deliiiitions in the Zoning Ordinance shall apply. 'Ihe permitted F.AR identified in lhe Bulk Regulations and Data Table has been determined using a net site area ol"" 95,935 square feet. The resulting maximum FAR shall be 1.51 within the Planned Development. 9. Upon review and determination. Part II Review, pursuanl to Section 17-13-0610, a Part II Review Fee shall be assessed by lhe T)eparnnent of Planning and Developmenl. The fee, as determined by staff at the time, is final and ...",High-confidence mechanical PD FAR text extraction.,mechanical,
SO2020-1896,mechanical_text_high,base_to_pd,BL-1,PD,1.2,5.0,3.8,upzone,5.0,to_far_text,high,2020-04-22,2022-01-26,,,"... ENT NUMBER BULK REGULATIONS AND DATA TABLE Gross Site Area: 30,090 square feet (.69 acres) Area Remaining in Public Right of Way: 13,988 .square feet (.32 acres) Net Site Area: 16,102 square feet (.37 acres) Maximum Number of Dwelling Units: 64 Dwelling Units Maximum Floor Area Ratio: 5.0 Minimum Number of Off-Street Total Parking Spaces: 19 Parking Spaces Minimum Bicycle Spaces 49 spaces Off-Street Loading Spaces: 1 10x25 Minimum Required Setbacks: As Per Site Plan Maximum Building Height of the top Residential Floor per Section 17-17-0311 of ...",High-confidence mechanical PD FAR text extraction.,mechanical,
SO2020-1900,mechanical_text_high,base_to_pd,C3-2,PD,2.2,2.2,0.0,same,2.2,to_far_text,high,2020-04-22,2020-06-17,,,"... FINAL FOR PUBLICA I ION W.ATERWAY PLANNED DEVELOPMENT, NUMBER 1 I5L AS AMENDED PLAN OF DEVELOPMEN F BULK REGULA FIONS AND DATA FABLF; NET SITE AREA: 169,556 square feet AREA REMAINING IN THE PUBLIC WAY: 29,543 square feet GROSS SITE AREA: 199,099 square feet MAXIMUM FLOOR AREA RATIO: 2.2 MAXIMUM BUILDING HEIGHT 61 feet, 2 inches (as measured in accordance wilh the Chicago Zoning Ordinance) MINIMUM NUMBER OF ACCESSORY OFF-STREET PARKING: 414 spaces* MINIMUM NUMBER OF OFF-STREET LOADING BERTHS: BICYCLE PARKING: 50 MINIMUM SETBACKS FROM PROPERTY ...",High-confidence mechanical PD FAR text extraction.,mechanical,
SO2020-2396,mechanical_text_high,base_to_pd,ML-2,PD,2.2,1.2,-1.0,downzone,1.2,to_far_text,high,2020-05-20,2021-04-21,,,"... (underlying zoning that formed the basis of this Planried Development). Applicant: CTA Address: 255 E. 63'"" Street Filing Date May 2^, 2020 Publicatlor PLANNED DEVELOPEMENT BULK REGULATION AND DATA TABLE Gross Site Area:: 569,634 SF Net Site Area:: 569,634 SF Maximum Floor Area Ratio: 1.20 Minimum Number of Off-Street Loading Spaces Front Setback 2 Minimum Number of Off-Street/ Off-Site 24 Parking Spaces Maximum Building Heights: 43'0"" (as measured in accordance With the Chicago Zoning Ordinance) Front Setback 38'0' Side Setback 20' 0' Rear Set ...",High-confidence mechanical PD FAR text extraction.,mechanical,
SO2020-2402,mechanical_text_high,base_to_pd,B3-2,PD,2.2,5.0,2.8,upzone,5.0,to_far_text,high,2020-05-20,2020-12-16,,,"... ntroduced May 20. 2020 Plan Cominissioif I l.tD EASTN173652905 3 FINAL FOR PUBLICATION RESIDENTIAL-BUSINESS PLANNED DEVELOPMENT NO. BULK REGULATIONS AND DATA TABLE Gross Sile Area (sf): 18,614 Aiea of Public Rights-of-Way (sf): 4,312 Net Sile Area (sQ: 14,302 Maximum Floor Area Ratio: 5.0 Maximum Permitted Dwelling Units and/or 79 Hold Rooms: Minimum Off-Street Parking Spaces: 0 Minimum Bicycle Parking Spaces: 79 Maximum Building Height: 83'8"" Minimum Setbacks: In accordance with plans Loading Berths: 1 (10'x25') Applicant LV llalsicd, I.l.C A ...",High-confidence mechanical PD FAR text extraction.,mechanical,
SO2020-4562,mechanical_text_high,base_to_pd,DX-3,PD,3.0,2.98,-0.02,downzone,2.98,to_far_text,high,2020-09-09,2021-01-27,,,"... SF Area of Proposed Building Subarea A: ' 272,318 SF Subarea B: 255,931 SF Subarea C: 57,760 SF (Existing to Remain) Total Proposed Building Area: 586,009 SF Floor Area Ratio: FAR Subarea A: 6.4 FAR Subarea B: 5.94 FAR Subarea C: 0.56 (Existing) Total Project FAR: 2.98 Maximum Allowable Floor Area: Maximum Floor Area Subarea A: 272,318 SF Maximum Floor Area Subarea B: 255,931 SF Maximum Floor Area Subarea C: 57,760 SF Applicant: Plumber Local 130, UA and Chicago Title and Trust Company L.and Trust Number 15408 dated Septemb ...",High-confidence mechanical PD FAR text extraction.,mechanical,
SO2020-4797,chatgpt_review,base_to_pd,M3-3,PD,3.0,3.0,0.0,same,3.0,maximum_far,high,2020-10-07,2020-12-16,packet_17,14,Revised Bulk Regulations and Data Table lists Maximum FAR: 3.00.,Use whole-PD maximum FAR 3.00; subarea FAR values are not used.,ChatGPT,2026-07-03
SO2020-4798,mechanical_text_high,base_to_pd,C2-5,PD,5.0,11.34,6.34,upzone,11.34,to_far_text,high,2020-10-07,2020-12-16,,,"... ;. 2020 FA,S I\l6SyS4922 2 FINAL FOR PUBLICATION KESIDENTIAHIUSINESS PLANNED DEVELOPIVIENT NO. BULK REGULATIONS AND DATA TABLE Gross Site Area (sQ: 51,932 Area of Public Rights-of-Way (sl): 22,316 Net Site Area (sl): 29,616 Subarea A: 19,140 Subarea B: 10,476 Maximum Floor Area Ratio: 11.34 Subarea A: 6.94 Subarea B: 19.39 Maximum Nuinber of Dwelling Units: Subarea B: 75 Parking Spaces: Subarea A: 0 Subarea B: 160 Minimum Loading Berths: Subarea B; 1 (10'x25') Maximum Building Height: Per plans Minimum Setbacks: Per plans Applxani 40 VVcsI Oak O ...",High-confidence mechanical PD FAR text extraction.,mechanical,
SO2020-5626,chatgpt_review,base_to_pd,CL-3,PD,3.0,11.5,8.5,upzone,11.5,maximum_floor_area_ratio,high,2020-11-16,2021-03-24,packet_05,14,Bulk table lists Maximum Floor Area Ratio 11.5.,Evidence shows original C1-3 to DX-7 to PD; use pre-ordinance C1-3 FAR 3.0 and final PD FAR 11.5.,ChatGPT,2026-07-03
SO2020-5629,mechanical_text_high,base_to_pd,DX-3,PD,3.0,8.1,5.1,upzone,8.1,to_far_text,high,2020-11-16,2021-01-27,,,"... all also be subject to height limitations, if any, established by the Federal Aviation Administration. 8. The Applicant acknowledges that the project has received a bonus FAR of 3.1, pursuant to Sec. 17-4-1000 of the Zoning Ordinance. With this bonus FAR, the total FAR for the Planned Development is 8.1. In exchange for the bonus FAR, the Applicant is required to make a corresponding payment, pursuant to Sections 17-4-1003-B & C, prior to the issuance of the first building permit for any building in the Planned Development; provided, however, if the Planned ...",High-confidence mechanical PD FAR text extraction.,mechanical,
SO2020-6237,chatgpt_review,base_to_pd,DX-12,PD,12.0,16.0,4.0,upzone,16.0,total_far,high,2020-12-16,2021-09-14,packet_02,4,"Statement says project received bonus FAR 4.0; with this bonus FAR, total FAR for the Planned Development is 16.0.",Use total PD FAR including bonus.,ChatGPT,2026-07-03
