pin,pin10,card_num,cards_in_history,minimum_post_1999_construction_year,latest_report_through_2022_construction_year,latest_report_through_2025_construction_year,latest_report_at_sample_end_construction_year,latest_report_all_construction_year,modal_post_1999_construction_year,latest_repeated_post_1999_construction_year,minimum_post_1999_selected_tax_year,latest_report_through_2022_selected_tax_year,latest_report_through_2025_selected_tax_year,latest_report_at_sample_end_selected_tax_year,latest_report_all_selected_tax_year,modal_post_1999_selected_tax_year,latest_repeated_post_1999_selected_tax_year,reports,first_tax_year,last_tax_year,distinct_years_all,distinct_years_post_1999,has_pre_1999_report,first_post_1999_tax_year,minimum_post_1999_year,maximum_post_1999_year,first_report_lag_minimum,revised_post_1999,unique_pin10_permit_match,permit_id,permit_application_date,permit_application_year,permit_issue_date,permit_issued,permit_status,permit_address,work_description,latest_minus_minimum,latest_2025_minus_minimum,modal_minus_minimum,minimum_in_paper_window,latest_in_paper_window,latest_2025_in_paper_window,modal_in_paper_window,review_priority,minimum_permit_gap,latest_permit_gap
14203300190000,1420330019,1,1,1999,2021,2021,2021,2021,2021,2021,2004,2022,2025,2022,2026,2026,2026,27,1999,2026,3,2,TRUE,2004,1999,2021,5,TRUE,FALSE,NA,NA,NA,NA,NA,NA,NA,NA,22,22,22,FALSE,TRUE,TRUE,TRUE,1,NA,NA
20231050330000,2023105033,1,1,2006,2006,2024,2006,2024,2024,2024,2007,2007,2025,2007,2025,2025,2025,3,2007,2025,2,2,FALSE,2007,2006,2024,1,TRUE,FALSE,NA,NA,NA,NA,NA,NA,NA,NA,18,18,18,TRUE,FALSE,FALSE,FALSE,1,NA,NA
14313210690000,1431321069,1,1,2004,2014,2014,2014,2014,2014,2014,2005,2015,2015,2015,2015,2015,2015,2,2005,2015,2,2,FALSE,2005,2004,2014,1,TRUE,TRUE,2549766,2014-08-15,2014,2014-09-11,1,COMPLETE,1763 N WILMOT AVE,"NEW CONSTRUCTION OF 3-STORY SINGLE-FAMILY RESIDENTIAL HOME WITH FULL BASEMENT, ROOF DECK AND ATTACHED 3-CAR GARAGE PER PLANS **SELF CERT CONDITIONAL PERMIT: SUBJECT TO FIELD INSPECTIONS & AUDIT **",10,10,10,FALSE,TRUE,TRUE,TRUE,1,-10,0
14313090140000,1431309014,1,1,2014,2014,2023,2014,2023,2023,2023,2015,2015,2025,2015,2026,2026,2026,10,1999,2026,4,2,TRUE,2015,2014,2023,1,TRUE,FALSE,NA,NA,NA,NA,NA,NA,NA,NA,9,9,9,TRUE,FALSE,FALSE,FALSE,1,NA,NA
13143320280000,1314332028,1,1,2019,2019,2024,2019,2024,2019,2024,2020,2022,2025,2022,2026,2022,2026,5,2020,2026,2,2,FALSE,2020,2019,2024,1,TRUE,TRUE,2989273,2018-11-28,2018,2019-04-18,1,COMPLETE,4048 N MONTICELLO AVE,NEW 2 STORY SINGLE FAMILY RESIDENCE WITH BASEMENT AND DETACHED 2 CAR FRAME GARAGE. INSTALL 6 FEET HIGH WOOD FENCE AND 4 FEET IRON FENCE. ALL WORK AS PER PLANS.,5,5,0,TRUE,FALSE,FALSE,TRUE,1,1,6
14193310060000,1419331006,1,1,2003,2008,2008,2008,2008,2003,2008,2005,2022,2025,2022,2026,2019,2026,27,1999,2026,5,4,TRUE,2005,2003,2008,2,TRUE,FALSE,NA,NA,NA,NA,NA,NA,NA,NA,5,5,0,FALSE,TRUE,TRUE,FALSE,1,NA,NA
16233130050000,1623313005,1,1,2005,2010,2010,2010,2010,2008,2010,2006,2022,2025,2022,2026,2020,2026,19,2006,2026,4,4,FALSE,2006,2005,2010,1,TRUE,FALSE,NA,NA,NA,NA,NA,NA,NA,NA,5,5,3,FALSE,TRUE,TRUE,TRUE,1,NA,NA
13242050260000,1324205026,1,1,2004,2008,2008,2008,2008,2004,2008,2005,2022,2025,2022,2026,2018,2026,28,1999,2026,3,2,TRUE,2005,2004,2008,1,TRUE,FALSE,NA,NA,NA,NA,NA,NA,NA,NA,4,4,0,FALSE,TRUE,TRUE,FALSE,1,NA,NA
14193130160000,1419313016,1,1,2004,2008,2008,2008,2008,2004,2008,2005,2022,2025,2022,2026,2013,2026,28,1999,2026,5,4,TRUE,2005,2004,2010,1,TRUE,FALSE,NA,NA,NA,NA,NA,NA,NA,NA,4,4,0,FALSE,TRUE,TRUE,FALSE,1,NA,NA
14193210100000,1419321010,1,1,2004,2008,2008,2008,2008,2004,2008,2005,2022,2025,2022,2026,2014,2026,28,1999,2026,4,3,TRUE,2005,2004,2008,1,TRUE,FALSE,NA,NA,NA,NA,NA,NA,NA,NA,4,4,0,FALSE,TRUE,TRUE,FALSE,1,NA,NA
14322130280000,1432213028,1,1,2004,2008,2008,2008,2008,2007,2008,2005,2022,2025,2022,2026,2020,2026,28,1999,2026,4,3,TRUE,2005,2004,2008,1,TRUE,FALSE,NA,NA,NA,NA,NA,NA,NA,NA,4,4,3,FALSE,TRUE,TRUE,TRUE,1,NA,NA
17042030450000,1704203045,1,1,2002,2006,2006,2006,2006,2005,2006,2003,2022,2025,2022,2026,2020,2026,25,1999,2026,4,3,TRUE,2003,2002,2006,1,TRUE,FALSE,NA,NA,NA,NA,NA,NA,NA,NA,4,4,3,FALSE,TRUE,TRUE,FALSE,1,NA,NA
17213000300000,1721300030,1,1,2003,2007,2007,2007,2007,2003,2007,2004,2022,2025,2022,2026,2019,2026,23,2004,2026,3,3,FALSE,2004,2003,2007,1,TRUE,FALSE,NA,NA,NA,NA,NA,NA,NA,NA,4,4,0,FALSE,TRUE,TRUE,FALSE,1,NA,NA
09362000050000,0936200005,1,1,2004,2007,2007,2007,2007,2007,2007,2005,2022,2025,2022,2026,2026,2026,28,1999,2026,3,2,TRUE,2005,2004,2007,1,TRUE,FALSE,NA,NA,NA,NA,NA,NA,NA,NA,3,3,3,FALSE,TRUE,TRUE,TRUE,1,NA,NA
13133130390000,1313313039,1,1,2004,2007,2007,2007,2007,2007,2007,2005,2022,2025,2022,2026,2026,2026,22,2005,2026,2,2,FALSE,2005,2004,2007,1,TRUE,FALSE,NA,NA,NA,NA,NA,NA,NA,NA,3,3,3,FALSE,TRUE,TRUE,TRUE,1,NA,NA
13133130400000,1313313040,1,1,2004,2007,2007,2007,2007,2007,2007,2005,2022,2025,2022,2026,2026,2026,22,2005,2026,2,2,FALSE,2005,2004,2007,1,TRUE,FALSE,NA,NA,NA,NA,NA,NA,NA,NA,3,3,3,FALSE,TRUE,TRUE,TRUE,1,NA,NA
14183000240000,1418300024,1,1,2004,2007,2007,2007,2007,2007,2007,2005,2022,2025,2022,2026,2026,2026,28,1999,2026,3,2,TRUE,2005,2004,2007,1,TRUE,FALSE,NA,NA,NA,NA,NA,NA,NA,NA,3,3,3,FALSE,TRUE,TRUE,TRUE,1,NA,NA
14184210060000,1418421006,1,1,2004,2007,2007,2007,2007,2007,2007,2005,2022,2025,2022,2026,2026,2026,28,1999,2026,3,2,TRUE,2005,2004,2007,1,TRUE,FALSE,NA,NA,NA,NA,NA,NA,NA,NA,3,3,3,FALSE,TRUE,TRUE,TRUE,1,NA,NA
16354070220000,1635407022,1,1,2004,2007,2007,2007,2007,2007,2007,2005,2022,2025,2022,2026,2026,2026,28,1999,2026,3,2,TRUE,2005,2004,2007,1,TRUE,FALSE,NA,NA,NA,NA,NA,NA,NA,NA,3,3,3,FALSE,TRUE,TRUE,TRUE,1,NA,NA
17173050080000,1717305008,1,1,2005,2008,2008,2008,2008,2005,2008,2006,2022,2025,2022,2026,2019,2026,21,2006,2026,3,3,FALSE,2006,2005,2008,1,TRUE,FALSE,NA,NA,NA,NA,NA,NA,NA,NA,3,3,0,FALSE,TRUE,TRUE,FALSE,1,NA,NA
17293090360000,1729309036,22,28,2005,2008,2008,2008,2008,2008,2008,2009,2018,2018,2018,2018,2018,2018,10,2009,2018,2,2,FALSE,2009,2005,2008,4,TRUE,NA,NA,NA,NA,NA,NA,NA,NA,NA,3,3,3,FALSE,TRUE,TRUE,TRUE,1,NA,NA
20041290270000,2004129027,1,1,2004,2007,2007,2007,2007,2007,2007,2005,2022,2025,2022,2026,2026,2026,22,2005,2026,2,2,FALSE,2005,2004,2007,1,TRUE,FALSE,NA,NA,NA,NA,NA,NA,NA,NA,3,3,3,FALSE,TRUE,TRUE,TRUE,1,NA,NA
09253050430000,0925305043,1,1,2005,2007,2007,2007,2007,2005,2007,2013,2022,2025,2022,2026,2021,2026,14,2013,2026,2,2,FALSE,2013,2005,2007,8,TRUE,FALSE,NA,NA,NA,NA,NA,NA,NA,NA,2,2,0,FALSE,TRUE,TRUE,FALSE,1,NA,NA
09254140410000,0925414041,1,1,2005,2007,2007,2007,2007,2005,2007,2006,2022,2025,2022,2026,2021,2026,28,1999,2026,3,2,TRUE,2006,2005,2007,1,TRUE,FALSE,NA,NA,NA,NA,NA,NA,NA,NA,2,2,0,FALSE,TRUE,TRUE,FALSE,1,NA,NA
09362020330000,0936202033,1,1,2004,2006,2006,2006,2006,2004,2006,2005,2022,2025,2022,2026,2021,2026,22,2005,2026,2,2,FALSE,2005,2004,2006,1,TRUE,FALSE,NA,NA,NA,NA,NA,NA,NA,NA,2,2,0,FALSE,TRUE,TRUE,FALSE,1,NA,NA
10322100050000,1032210005,1,1,2005,2007,2007,2007,2007,2005,2007,2006,2022,2025,2022,2026,2018,2026,28,1999,2026,4,3,TRUE,2006,2005,2007,1,TRUE,FALSE,NA,NA,NA,NA,NA,NA,NA,NA,2,2,0,FALSE,TRUE,TRUE,FALSE,1,NA,NA
10322100060000,1032210006,1,1,2005,2007,2007,2007,2007,2005,2007,2006,2022,2025,2022,2026,2018,2026,28,1999,2026,4,3,TRUE,2006,2005,2007,1,TRUE,FALSE,NA,NA,NA,NA,NA,NA,NA,NA,2,2,0,FALSE,TRUE,TRUE,FALSE,1,NA,NA
10322100070000,1032210007,1,1,2005,2007,2007,2007,2007,2005,2007,2006,2022,2025,2022,2026,2018,2026,28,1999,2026,4,3,TRUE,2006,2005,2007,1,TRUE,FALSE,NA,NA,NA,NA,NA,NA,NA,NA,2,2,0,FALSE,TRUE,TRUE,FALSE,1,NA,NA
10323020230000,1032302023,1,1,2005,2007,2007,2007,2007,2005,2007,2006,2022,2025,2022,2026,2021,2026,28,1999,2026,3,2,TRUE,2006,2005,2007,1,TRUE,FALSE,NA,NA,NA,NA,NA,NA,NA,NA,2,2,0,FALSE,TRUE,TRUE,FALSE,1,NA,NA
10323020240000,1032302024,1,1,2005,2007,2007,2007,2007,2005,2007,2006,2022,2025,2022,2026,2021,2026,28,1999,2026,3,2,TRUE,2006,2005,2007,1,TRUE,FALSE,NA,NA,NA,NA,NA,NA,NA,NA,2,2,0,FALSE,TRUE,TRUE,FALSE,1,NA,NA
14291120140000,1429112014,1,1,2014,2019,2019,2019,2019,2019,2019,2017,2022,2025,2022,2026,2026,2026,28,1999,2026,4,3,TRUE,2017,2014,2019,3,TRUE,TRUE,2752768,2016-06-29,2016,2016-06-29,1,COMPLETE,1537 W NELSON ST,SELF CERTIFICATION REVIEW: ERECT FRAME SINGLE FAMILY RESIDENCE (4A CONSTRUCTION) WITH DETACHED 2 CAR FRAME GARAGE (4A CONSTRUCTION) AS PER PLAN.,5,5,5,TRUE,TRUE,TRUE,TRUE,2,-2,3
14291290130000,1429129013,1,1,2011,2016,2016,2016,2016,2011,2016,2013,2022,2025,2022,2026,2019,2026,27,1999,2026,5,4,TRUE,2013,2011,2016,2,TRUE,TRUE,2310199,2011-12-08,2011,2011-12-08,1,COMPLETE,1429 W WOLFRAM ST,ERECT THREE STORY SINGLE FAMILY RESIDENCE + 2 CAR ATTACHED  GARAGE AS PER PLAN,5,5,0,TRUE,TRUE,TRUE,TRUE,2,0,5
14071170020000,1407117002,1,1,2014,2018,2018,2018,2018,2018,2018,2017,2022,2025,2022,2026,2026,2026,28,1999,2026,3,2,TRUE,2017,2014,2018,3,TRUE,TRUE,2706608,2015-12-10,2015,2016-01-12,1,COMPLETE,2155 W FARRAGUT AVE,ERECT A NEW 2 STORY WITH BASEMENT FRAME (4A CONST TYPE.) SINGLE FAMILY HOME AND DETACHED 2 CAR FRAME GARAGE AS PER PLANS.,4,4,4,TRUE,TRUE,TRUE,TRUE,2,-1,3
14301020290000,1430102029,1,1,2014,2018,2018,2018,2018,2018,2018,2015,2022,2025,2022,2026,2026,2026,28,1999,2026,3,2,TRUE,2015,2014,2018,1,TRUE,TRUE,2522995,2014-01-02,2014,2014-05-16,1,COMPLETE,2236 W FLETCHER ST,"ERECT A 2 STORY ,IVA FRAME SINGLE FAMILY RESIDENCE WITH BASEMENT AND 2 CAR GARAGE WITH ROOF DECK",4,4,4,TRUE,TRUE,TRUE,TRUE,2,0,4
13064150010000,1306415001,1,1,2016,2019,2019,2019,2019,2019,2019,2017,2022,2025,2022,2026,2026,2026,17,1999,2026,5,4,TRUE,2017,2016,2019,1,TRUE,TRUE,2771077,2016-08-01,2016,2016-08-08,1,COMPLETE,5667 N NEWCASTLE AVE,"ERECT A 2 STORY ,IVA FRAME SINGLE FAMILY RESIDENCE WITH UNFINISHED BASEMENT AND E CAR DETACHED GARAGE PER PLANS",3,3,3,TRUE,TRUE,TRUE,TRUE,2,0,3
13241060050000,1324106005,1,1,2014,2015,2017,2015,2017,2015,2017,2017,2022,2025,2022,2026,2024,2026,10,2017,2026,3,3,FALSE,2017,2014,2017,3,TRUE,TRUE,2834349,2017-04-03,2017,2017-05-09,1,COMPLETE,3943 N FRANCISCO AVE,NEW 2 STORY SINGLE FAMILY RESIDENCE WITH BASEMENT. NEW 2 CAR FRAME GARAGE. INSTALL 6 FEET HIGH WOOD FENCE AND 4 FEET HIGH IRON FENCE. ALL WORK AS PER PLANS.,3,3,1,TRUE,TRUE,TRUE,TRUE,2,-3,0
13362090020000,1336209002,1,1,2014,2016,2017,2016,2017,2014,2017,2017,2022,2025,2022,2026,2021,2026,10,2017,2026,3,3,FALSE,2017,2014,2017,3,TRUE,TRUE,2775758,2016-08-16,2016,2016-08-18,1,COMPLETE,2317 N CAMPBELL AVE,"SELF-CERTIFICATION....FULL BUILDING PERMIT FOR A NEW 2 STORY FRAME SINGLE FAMILY RESIDENCE WITH BASEMENT WITH MECHANICAL PENTHOUSE TYPE 4A CONSTRUCTION, NEW 2 CAR DETACHED FRAME GARAGE 21' X 21' X 14'-11"" HIGH AS PER PLANS.",3,3,0,TRUE,TRUE,TRUE,TRUE,2,-2,1
14194100050000,1419410005,1,1,2011,2014,2014,2014,2014,2014,2014,2015,2022,2025,2022,2026,2026,2026,28,1999,2026,4,3,TRUE,2014,2011,2014,3,TRUE,TRUE,2492538,2013-09-03,2013,2013-10-10,1,COMPLETE,1945 W NEWPORT AVE,ERECT A NEW 2 STORY WITH BASEMENT SINGLE FAMILY HOME  WITH FRONT OPEN ONE STORY WOOD PORCH AND 2 CAR DETACHED GARAGE WITH DECK AS PER PLANS**CERTIFIED CORRECTIONS- - SUBJECT TO FIELD INSPECTIONS & AUDIT **,3,3,3,TRUE,TRUE,TRUE,TRUE,2,-2,1
14322140290000,1432214029,1,1,2014,2017,2017,2017,2017,2017,2017,2017,2022,2025,2022,2026,2026,2026,28,1999,2026,3,2,TRUE,2017,2014,2017,3,TRUE,TRUE,2761548,2016-06-28,2016,2016-06-28,1,COMPLETE,2138 N SEMINARY AVE,ERECT 3 STORY FRAME & BRICK VENEER SINGLE FAMILY RESIDENCE WITH BASEMENT AND 2 CAR DETACHED PRIVATE GARAGE PER PLANS,3,3,3,TRUE,TRUE,TRUE,TRUE,2,-2,1
16012090090000,1601209009,1,1,2014,2014,2014,2014,2017,2014,2014,2017,2022,2025,2022,2026,2025,2025,10,2017,2026,2,2,FALSE,2017,2014,2017,3,TRUE,TRUE,2762470,2016-06-23,2016,2016-09-15,1,COMPLETE,1435 N FAIRFIELD AVE,NEW TWO STORY DETACHED SINGLE FAMILY HOME WITH FINISHED BASEMENT AND TWO CAR GARAGE,3,0,0,TRUE,TRUE,TRUE,TRUE,2,-2,1
17042020110000,1704202011,1,1,2014,2017,2017,2017,2017,2017,2017,2015,2022,2025,2022,2026,2026,2026,12,2015,2026,3,3,FALSE,2015,2014,2017,1,TRUE,TRUE,2496901,2013-10-11,2013,2014-08-27,1,COMPLETE,1525 N NORTH PARK AVE,NEW CONSTRUCTION OF A NEW 4-STORY SINGLE FAMILY HOME WITH ATTACHED LOWER LEVEL GARAGE ACCESSED FROM NORTH PARK AVE AS PER PLANS.,3,3,3,TRUE,TRUE,TRUE,TRUE,2,1,4
17061170170000,1706117017,1,1,2014,2014,2017,2014,2017,2014,2017,2016,2022,2025,2022,2026,2023,2026,28,1999,2026,3,2,TRUE,2016,2014,2017,2,TRUE,TRUE,2627027,2015-04-04,2015,2015-04-04,1,COMPLETE,1319 N BELL AVE,SELF-CERTIFICATION: NEW 2 STORY BRICK VENEER S.F.R. WITH BASEMENT NEW 2 CAR MASONRY GARAGE. CONDITIONAL PERMIT SUBJECT TO FIELD INSPECTION.,3,3,0,TRUE,TRUE,TRUE,TRUE,2,-1,2
17071140430000,1707114043,1,1,2014,2017,2017,2017,2017,2017,2017,2017,2022,2025,2022,2026,2026,2026,28,1999,2026,4,3,TRUE,2017,2014,2017,3,TRUE,TRUE,2766248,2016-08-29,2016,2016-09-21,1,COMPLETE,2208 W OHIO ST,"NEW 2 STORY SINGLE FAMILY RESIDENCE WITH BASEMENT, PENTHOUSE AND PRIVATE  ROOF DECK. NEW REAR METAL PORCH. NEW 2 CAR MASONRY GARAGE. ALL WORK AS PER PLANS. **CERTIFIED PLANS CORRECTIONS: CONDITIONAL PERMIT SUBJECT TO FIELD INSPECTIONS **",3,3,3,TRUE,TRUE,TRUE,TRUE,2,-2,1
17071150150000,1707115015,1,1,2014,2017,2017,2017,2017,2017,2017,2018,2022,2025,2022,2026,2026,2026,28,1999,2026,4,3,TRUE,2017,2014,2017,3,TRUE,TRUE,2773993,2016-08-08,2016,2016-08-08,1,COMPLETE,2125 W ERIE ST,SELF CERTIFICATION REVIEW: ERECT SINGLE FAMILY RESIDENCE (4A CONSTRUCTION) WITH DETACHED 2 CAR GARAGE (3B CONSTRUCTION) AS PER PLAN.,3,3,3,TRUE,TRUE,TRUE,TRUE,2,-2,1
09362000120000,0936200012,1,1,2019,2021,2021,2021,2021,2021,2021,2020,2022,2025,2022,2026,2026,2026,28,1999,2026,3,2,TRUE,2020,2019,2021,1,TRUE,TRUE,3036675,2019-06-10,2019,2019-08-30,1,COMPLETE,7107 N ORIOLE AVE,"BUILDING OF A SINGLE FAMILY RESIDENCE FRAME CONSTRUCTION, 2-STORY HIGH WITH BASEMENT PLUS A 3-CAR DETACHED FRAME GARAGE.(CONDITIONAL PERMIT SUBJECT TO FIELD INSPECTIONS)",2,2,2,TRUE,TRUE,TRUE,TRUE,2,0,2
09362030090000,0936203009,1,1,2018,2020,2020,2020,2020,2020,2020,2019,2022,2025,2022,2026,2026,2026,27,1999,2026,4,3,TRUE,2019,2018,2020,1,TRUE,TRUE,2899690,2018-01-05,2018,2018-01-09,1,COMPLETE,7119 N OSCEOLA AVE,NEW 2 STORY FRAME SINGLE FAMILY RESIDENCE WITH BASEMENT AND COVERED OPEN FRAME FRONT PORCH. NEW FRAME 3 CARS GARAGE. 300 LF OF 6 FT HIGH VINYL FENCE. ALL WORK AS PER PLANS.,2,2,2,TRUE,TRUE,TRUE,TRUE,2,0,2
09362030470000,0936203047,1,1,2019,2021,2021,2021,2021,2021,2021,2020,2022,2025,2022,2026,2026,2026,28,1999,2026,3,2,TRUE,2020,2019,2021,1,TRUE,TRUE,3040870,2019-06-27,2019,2019-07-22,1,COMPLETE,7122 N ODELL AVE,"ERECT A NEW 2 STORY FRAME (4A CONST.) NEW CONSTRUCTION HOME WITH BASEMENT, FRONT STAIR AND 3 CAR DETACHED FRAME GARAGE AS PER PLANS.",2,2,2,TRUE,TRUE,TRUE,TRUE,2,0,2
09363140330000,0936314033,1,1,2018,2020,2020,2020,2020,2020,2020,2019,2022,2025,2022,2026,2026,2026,27,1999,2026,4,3,TRUE,2019,2018,2020,1,TRUE,TRUE,2874679,2017-09-13,2017,2017-11-29,1,COMPLETE,6504 N OXFORD AVE,ERECT A NEW 2 STORY FRAME (4A CONST. TYPE) SINGLE FAMILY HOME WITH BASEMENT AND FRAME DETACHED 2 CAR GARAGE AS PER PLANS CONDITIONAL PERMIT SUBJECT TO FIELD INSPECTIONS),2,2,2,TRUE,TRUE,TRUE,TRUE,2,1,3
09364150310000,0936415031,1,1,2014,2016,2016,2016,2016,2016,2016,2016,2022,2025,2022,2026,2026,2026,27,1999,2026,5,4,TRUE,2016,2014,2017,2,TRUE,TRUE,2617289,2014-12-23,2014,2015-02-20,1,COMPLETE,6600 N HARLEM AVE,"NEW 3-STORY, 5-UNIT RESIDENTIAL BUILDING WITH BASEMENT,  5 PARKING SPACES, TRASH ENCLOSURE, AND FENCE, PER PLAN",2,2,2,TRUE,TRUE,TRUE,TRUE,2,0,2
10321160300000,1032116030,1,1,2017,2019,2019,2019,2019,2019,2019,2018,2022,2025,2022,2026,2026,2026,28,1999,2026,4,3,TRUE,2018,2017,2019,1,TRUE,TRUE,2868267,2017-09-13,2017,2017-11-21,1,COMPLETE,7019 N HIAWATHA AVE,"NEW 2-STORY SINGLE-FAMILY MASONRY & FRAME RESIDENCE, 4A CONSTRUCTION, WITH BASEMENT AND ATTIC, NEW REAR WOOD DECK, NEW ATTACHED 2-CAR GARAGE, NEW DRIVEWAY, PER PLAN.      **CERTIFIED PLAN CORRECTIONS PROJECT - CONDITIONAL PERMIT: SUBJECT TO FIELD INSPECTIONS **",2,2,2,TRUE,TRUE,TRUE,TRUE,2,0,2
10322090550000,1032209055,1,1,2017,2019,2019,2019,2019,2019,2019,2018,2022,2025,2022,2026,2026,2026,28,1999,2026,4,3,TRUE,2018,2017,2019,1,TRUE,TRUE,2884828,2017-11-07,2017,2017-11-27,1,COMPLETE,6930 N WILDWOOD AVE,"ERECT A NEW 2 STORY WITH BASEMENT, ATTIC, FRONT OPEN PORCH FRAME SINGLE FAMILY HOME WITH ATTACHED 2 CAR GARAGE AS PER PLANS.(CONDITIONAL PERMIT SUBJECT TO FIELD INSPECTIONS)",2,2,2,TRUE,TRUE,TRUE,TRUE,2,0,2
10333280210000,1033328021,1,1,2019,2021,2021,2021,2021,2021,2021,2020,2022,2025,2022,2026,2026,2026,7,2020,2026,2,2,FALSE,2020,2019,2021,1,TRUE,TRUE,2979400,2019-01-10,2019,2019-01-10,1,COMPLETE,5306 W DEVON AVE,SELF CERT: NEW CONSTRUCTION THREE UNIT IV-A CONST. RESIDENTIAL BUILDING PLUS PARKING PAD PER PLANS. (REZONED TO B2-2).  SPRINKLER SYSTEM INSTALLATION TO BE A SEPARATE SUBMISSION TO THE FIRE DEPARTMENT.,2,2,2,TRUE,TRUE,TRUE,TRUE,2,0,2
12011130290000,1201113029,1,1,2018,2020,2020,2020,2020,2020,2020,2019,2022,2025,2022,2026,2026,2026,27,1999,2026,3,2,TRUE,2019,2018,2020,1,TRUE,TRUE,2913466,2018-05-01,2018,2018-05-03,1,COMPLETE,7618 W MYRTLE AVE,NEW 2 STORY SINGLE FAMILY RESIDENCE WITH BASEMENT. NEW 2 CAR FRAME GARAGE. INSTALL 6 FEET HIGH WOOD FENCE. ALL WORK AS PER PLANS.,2,2,2,TRUE,TRUE,TRUE,TRUE,2,0,2
12232140320000,1223214032,1,1,2014,2016,2016,2016,2016,2016,2016,2015,2022,2025,2022,2026,2026,2026,20,1999,2026,5,4,TRUE,2015,2014,2017,1,TRUE,TRUE,2522940,2014-02-27,2014,2014-06-23,1,COMPLETE,3822 N PAGE AVE,"NEW SINGLE FAMILY 2 STORY FRAME BUILDING WITH BASEMENT ON EXISTING FOUNDATION, NEW FRONT AND REAR OPEN DECK AND A NEW 3 CAR FRAME GARAGE AS PER PLANS**CERTIFIED CORRECTIONS- - SUBJECT TO FIELD INSPECTIONS & AUDIT **",2,2,2,TRUE,TRUE,TRUE,TRUE,2,0,2
12232220250000,1223222025,1,1,2014,2016,2016,2016,2016,2016,2016,2017,2022,2025,2022,2026,2026,2026,28,1999,2026,5,4,TRUE,2017,2014,2017,3,TRUE,TRUE,2693601,2016-02-17,2016,2016-06-03,1,COMPLETE,3734 N PAGE AVE,ERECT A NEW 2 STORY FRAME (4A) SINGLE FAMILY RESIDENCE WITH BASEMENT AND 2 CAR DETACHED GARAGE AS PER PLANS. (CONDITIONAL PERMIT SUBJECT TO FIELD INSPECTIONS),2,2,2,TRUE,TRUE,TRUE,TRUE,2,-2,0
12243120120000,1224312012,1,1,2011,2013,2013,2013,2013,2011,2013,2012,2022,2025,2022,2026,2020,2026,27,1999,2026,4,3,TRUE,2012,2011,2013,1,TRUE,TRUE,2284026,2011-06-22,2011,2011-09-22,1,COMPLETE,3423 N OZANAM AVE,ERECT NEW 2 STORY SINGLE FAMILY RESIDENCE WITH BASEMENT AND 2 CAR DETACHED GARAGE,2,2,0,TRUE,TRUE,TRUE,TRUE,2,0,2
12244150400000,1224415040,1,1,2019,2021,2021,2021,2021,2021,2021,2020,2022,2025,2022,2026,2026,2026,7,2020,2026,2,2,FALSE,2020,2019,2021,1,TRUE,TRUE,3004423,2019-03-01,2019,2019-12-19,1,COMPLETE,3461 N OCONTO AVE,"PROPOSED 2 STORY/3 UNIT BUILDING W/BASEMENT, 2 STORY REAR OPEN PORCH, 6' WOOD FENCE, AND 3 CAR REAR PARKING PAD W/REAR DRIVEWAY, AS PER PLANS.",2,2,2,TRUE,TRUE,TRUE,TRUE,2,0,2
13021130170000,1302113017,1,1,2008,2010,2010,2010,2010,2008,2010,2009,2022,2025,2022,2026,2021,2026,28,1999,2026,3,2,TRUE,2009,2008,2010,1,TRUE,TRUE,1820732,2008-10-16,2008,2008-10-16,1,COMPLETE,3658 W GRANVILLE AVE,2 STORY MASONRY & FRAME SINGLE FAMILY RESIDENCE W/ATTACHED GARAGE.,2,2,0,TRUE,TRUE,TRUE,TRUE,2,0,2
13032250180000,1303225018,1,1,2018,2020,2020,2020,2020,2020,2020,2019,2022,2025,2022,2026,2026,2026,8,2019,2026,2,2,FALSE,2019,2018,2020,1,TRUE,TRUE,2923365,2018-06-01,2018,2018-06-01,1,COMPLETE,6018 N KILDARE AVE,SELF CERT PERMIT: ERECT A 2 -STORY + BASEMENT MASONRY VENEER SINGLE STORY HOME PLUS GARAGE PER PLANS LOT 12,2,2,2,TRUE,TRUE,TRUE,TRUE,2,0,2
13032250390000,1303225039,1,1,2017,2019,2019,2019,2019,2019,2019,2018,2022,2025,2022,2026,2026,2026,9,2018,2026,2,2,FALSE,2018,2017,2019,1,TRUE,TRUE,2809465,2017-03-10,2017,2017-03-10,1,COMPLETE,6102 N SAUGANASH AVE,"ERECT A 2-STORY + BASEMENT, MASONRY VENEER SINGLE FAMILY HOME PLUS GARAGE, SELF-CERT PERMIT. 6102 N SAUGANASH AVE.",2,2,2,TRUE,TRUE,TRUE,TRUE,2,0,2
20212090210000,2021209021,1,2,2001,2001,2025,2001,2025,2025,2025,2002,2002,2025,2002,2026,2026,2026,5,1999,2026,3,2,TRUE,2002,2001,2025,1,TRUE,NA,NA,NA,NA,NA,NA,NA,NA,NA,24,24,24,FALSE,FALSE,FALSE,FALSE,3,NA,NA
16084040220000,1608404022,1,1,2005,2005,2005,2005,2026,2026,2026,2006,2006,2006,2006,2026,2026,2026,2,2006,2026,2,2,FALSE,2006,2005,2026,1,TRUE,FALSE,NA,NA,NA,NA,NA,NA,NA,NA,21,0,21,FALSE,FALSE,FALSE,FALSE,3,NA,NA
13031060200000,1303106020,1,1,2006,2022,2022,2022,2022,2006,2022,2008,2022,2025,2022,2026,2019,2026,27,1999,2026,5,4,TRUE,2008,2006,2022,2,TRUE,FALSE,NA,NA,NA,NA,NA,NA,NA,NA,16,16,0,TRUE,TRUE,TRUE,TRUE,3,NA,NA
14203300180000,1420330018,1,1,2006,2021,2021,2021,2021,2006,2021,2007,2022,2025,2022,2026,2018,2026,27,1999,2026,4,3,TRUE,2007,2006,2021,1,TRUE,FALSE,NA,NA,NA,NA,NA,NA,NA,NA,15,15,0,TRUE,TRUE,TRUE,TRUE,3,NA,NA
17293090540000,1729309054,23,24,2007,2007,2022,2007,2022,2022,2022,2022,2022,2023,2022,2023,2023,2023,2,2022,2023,2,2,FALSE,2022,2007,2022,15,TRUE,NA,NA,NA,NA,NA,NA,NA,NA,NA,15,15,15,TRUE,TRUE,TRUE,TRUE,3,NA,NA
17293090540000,1729309054,24,24,2007,2007,2022,2007,2022,2022,2022,2022,2022,2023,2022,2023,2023,2023,2,2022,2023,2,2,FALSE,2022,2007,2022,15,TRUE,NA,NA,NA,NA,NA,NA,NA,NA,NA,15,15,15,TRUE,TRUE,TRUE,TRUE,3,NA,NA
13103120090000,1310312009,1,1,2006,2018,2018,2018,2018,2018,2018,2011,2022,2025,2022,2026,2026,2026,16,2011,2026,2,2,FALSE,2011,2006,2018,5,TRUE,FALSE,NA,NA,NA,NA,NA,NA,NA,NA,12,12,12,TRUE,TRUE,TRUE,TRUE,3,NA,NA
17293090540000,1729309054,9,24,2006,2019,2018,2019,2018,2006,2006,2019,2022,2023,2022,2023,2021,2021,5,2019,2023,3,3,FALSE,2019,2006,2019,13,TRUE,NA,NA,NA,NA,NA,NA,NA,NA,NA,12,12,0,TRUE,TRUE,TRUE,TRUE,3,NA,NA
17293090540000,1729309054,10,24,2006,2018,2018,2018,2018,2006,2018,2019,2022,2023,2022,2023,2021,2023,5,2019,2023,2,2,FALSE,2019,2006,2018,13,TRUE,NA,NA,NA,NA,NA,NA,NA,NA,NA,12,12,0,TRUE,TRUE,TRUE,TRUE,3,NA,NA
20034190680000,2003419068,1,1,2006,2018,2018,2018,2018,2018,2018,2018,2022,2025,2022,2026,2026,2026,9,2018,2026,2,2,FALSE,2018,2006,2018,12,TRUE,FALSE,NA,NA,NA,NA,NA,NA,NA,NA,12,12,12,TRUE,TRUE,TRUE,TRUE,3,NA,NA
17293090540000,1729309054,19,24,2007,2007,2018,2007,2018,2018,2018,2022,2022,2023,2022,2023,2023,2023,5,2019,2023,2,2,FALSE,2019,2007,2018,12,TRUE,NA,NA,NA,NA,NA,NA,NA,NA,NA,11,11,11,TRUE,TRUE,TRUE,TRUE,3,NA,NA
17293090540000,1729309054,20,24,2007,2007,2018,2007,2018,2018,2018,2022,2022,2023,2022,2023,2023,2023,5,2019,2023,2,2,FALSE,2019,2007,2018,12,TRUE,NA,NA,NA,NA,NA,NA,NA,NA,NA,11,11,11,TRUE,TRUE,TRUE,TRUE,3,NA,NA
17082530380000,1708253038,2,1,2010,NA,2016,2016,2016,2016,2016,2024,NA,2025,2025,2026,2026,2026,3,2024,2026,2,2,FALSE,2024,2010,2016,14,TRUE,FALSE,NA,NA,NA,NA,NA,NA,NA,NA,6,6,6,TRUE,TRUE,TRUE,TRUE,3,NA,NA
12244210030000,1224421003,1,2,2000,2005,2005,2005,2005,2000,2000,2001,2006,2006,2006,2006,2002,2002,8,1999,2006,3,2,TRUE,2001,2000,2005,1,TRUE,NA,NA,NA,NA,NA,NA,NA,NA,NA,5,5,0,FALSE,FALSE,FALSE,FALSE,3,NA,NA
12244210030000,1224421003,2,2,2000,2005,2005,2005,2005,2000,2000,2001,2006,2006,2006,2006,2002,2002,3,2001,2006,2,2,FALSE,2001,2000,2005,1,TRUE,NA,NA,NA,NA,NA,NA,NA,NA,NA,5,5,0,FALSE,FALSE,FALSE,FALSE,3,NA,NA
20021010050000,2002101005,1,1,2011,2013,2016,2013,2016,2011,2016,2014,2022,2025,2022,2026,2020,2026,13,2014,2026,4,4,FALSE,2014,2011,2016,3,TRUE,FALSE,NA,NA,NA,NA,NA,NA,NA,NA,5,5,0,TRUE,TRUE,TRUE,TRUE,3,NA,NA
20021010060000,2002101006,1,1,2011,2013,2016,2013,2016,2011,2016,2014,2022,2025,2022,2026,2020,2026,13,2014,2026,4,4,FALSE,2014,2011,2016,3,TRUE,FALSE,NA,NA,NA,NA,NA,NA,NA,NA,5,5,0,TRUE,TRUE,TRUE,TRUE,3,NA,NA
14294060130000,1429406013,1,1,1999,2003,2003,2003,2003,1999,2003,2000,2022,2025,2022,2026,2019,2026,27,2000,2026,3,3,FALSE,2000,1999,2003,1,TRUE,FALSE,NA,NA,NA,NA,NA,NA,NA,NA,4,4,0,FALSE,FALSE,FALSE,FALSE,4,NA,NA
14301040160000,1430104016,1,1,2011,2015,2015,2015,2015,2015,2015,2014,2022,2025,2022,2026,2026,2026,28,1999,2026,4,3,TRUE,2014,2011,2015,3,TRUE,FALSE,NA,NA,NA,NA,NA,NA,NA,NA,4,4,4,TRUE,TRUE,TRUE,TRUE,4,NA,NA
17064060020000,1706406002,1,1,1999,2003,2003,2003,2003,2002,2003,2000,2022,2025,2022,2026,2020,2026,27,2000,2026,4,4,FALSE,2000,1999,2003,1,TRUE,FALSE,NA,NA,NA,NA,NA,NA,NA,NA,4,4,3,FALSE,FALSE,FALSE,FALSE,4,NA,NA
17071140390000,1707114039,1,1,2014,2016,2018,2016,2018,2018,2018,2017,2022,2025,2022,2026,2026,2026,28,1999,2026,5,4,TRUE,2017,2014,2018,3,TRUE,TRUE,2737784,2016-06-13,2016,2016-06-14,1,COMPLETE,2218 W OHIO ST,"ERECT 2-STORY WITH BASEMENT, ROOFTOP STAIRWAY ENCLOSURE AND REAR OPEN DECK SINGLE FAMILY HOME, 380 S.F. 2-CAR DETACHED PRIVATE GARAGE, AND 4FT-8IN HIGH ORNAMENTAL FENCE AT FRONT YARD AND 6 FT HIGH WOOD FENCE AT SIDE/REAR YARD. CURRENT USE: VACANT LOT/PROPOSED USE: SINGLE FAMILY RESIDENTIAL",4,4,4,TRUE,TRUE,TRUE,TRUE,4,-2,2
17071150160000,1707115016,1,1,2014,2018,2018,2018,2018,2018,2018,2017,2022,2025,2022,2026,2026,2026,28,1999,2026,5,4,TRUE,2017,2014,2018,3,TRUE,TRUE,2744345,2016-04-28,2016,2016-04-28,1,COMPLETE,2123 W ERIE ST,SELF CERTIFICATION REVIEW: ERECT FRAME SINGLE FAMILY RESIDENCE (4A CONSTRUCTION) WITH DETACHED 2 CAR MASONRY GARAGE (3B CONSTRUCTION) AS PER PLAN. CONDITIONAL PERMIT SUBJECT TO FIELD INSPECTION.,4,4,4,TRUE,TRUE,TRUE,TRUE,4,-2,2
25171210240000,2517121024,1,1,2014,2014,2018,2014,2018,2014,2018,2017,2022,2025,2022,2026,2023,2026,10,2017,2026,2,2,FALSE,2017,2014,2018,3,TRUE,TRUE,2736404,2016-06-20,2016,2016-08-24,1,COMPLETE,10518 S THROOP ST,TWO STORY SINGLE FAMILY RESIDENCE WITH DETACHED GARAGE. AFFORDABLE,4,4,0,TRUE,TRUE,TRUE,TRUE,4,-2,2
13263150010000,1326315001,2,1,1999,2002,2002,2002,2002,2002,2002,2000,2005,2005,2005,2005,2005,2005,6,2000,2005,2,2,FALSE,2000,1999,2002,1,TRUE,FALSE,NA,NA,NA,NA,NA,NA,NA,NA,3,3,3,FALSE,FALSE,FALSE,FALSE,4,NA,NA
14183240120000,1418324012,1,1,1999,2002,2002,2002,2002,1999,2002,2000,2022,2025,2022,2026,2018,2026,28,1999,2026,4,3,TRUE,2000,1999,2002,1,TRUE,FALSE,NA,NA,NA,NA,NA,NA,NA,NA,3,3,0,FALSE,FALSE,FALSE,FALSE,4,NA,NA
14281040300000,1428104030,1,1,1999,2002,2002,2002,2002,1999,1999,2002,2020,2020,2020,2020,2003,2003,27,1999,2026,4,2,TRUE,2002,1999,2002,3,TRUE,FALSE,NA,NA,NA,NA,NA,NA,NA,NA,3,3,0,FALSE,FALSE,FALSE,FALSE,4,NA,NA
14293030310000,1429303031,1,1,1999,2002,2002,2002,2002,1999,1999,2000,2020,2020,2020,2020,2003,2003,28,1999,2026,3,2,TRUE,2000,1999,2002,1,TRUE,FALSE,NA,NA,NA,NA,NA,NA,NA,NA,3,3,0,FALSE,FALSE,FALSE,FALSE,4,NA,NA
14293030330000,1429303033,1,1,1999,2002,2002,2002,2002,1999,1999,2000,2020,2020,2020,2020,2003,2003,28,1999,2026,5,2,TRUE,2000,1999,2002,1,TRUE,FALSE,NA,NA,NA,NA,NA,NA,NA,NA,3,3,0,FALSE,FALSE,FALSE,FALSE,4,NA,NA
14293080310000,1429308031,1,1,1999,2002,2002,2002,2002,1999,1999,2000,2020,2020,2020,2020,2003,2003,28,1999,2026,5,2,TRUE,2000,1999,2002,1,TRUE,FALSE,NA,NA,NA,NA,NA,NA,NA,NA,3,3,0,FALSE,FALSE,FALSE,FALSE,4,NA,NA
14293140120000,1429314012,1,1,2002,2005,2005,2005,2005,2005,2005,2003,2020,2020,2020,2020,2020,2020,27,1999,2026,4,2,TRUE,2003,2002,2005,1,TRUE,FALSE,NA,NA,NA,NA,NA,NA,NA,NA,3,3,3,FALSE,FALSE,FALSE,FALSE,4,NA,NA
14302250090000,1430225009,1,1,1999,2002,2002,2002,2002,1999,1999,2001,2020,2020,2020,2020,2003,2003,28,1999,2026,5,2,TRUE,2001,1999,2002,2,TRUE,FALSE,NA,NA,NA,NA,NA,NA,NA,NA,3,3,0,FALSE,FALSE,FALSE,FALSE,4,NA,NA
14314110250000,1431411025,1,1,2006,2009,2009,2009,2009,2006,2009,2008,2022,2025,2022,2026,2018,2026,28,1999,2026,4,3,TRUE,2008,2006,2009,2,TRUE,FALSE,NA,NA,NA,NA,NA,NA,NA,NA,3,3,0,TRUE,TRUE,TRUE,TRUE,4,NA,NA
14333080400000,1433308040,1,1,1999,2002,2002,2002,2002,2002,2002,2019,2022,2025,2022,2026,2026,2026,28,1999,2026,5,4,TRUE,2011,1999,2002,12,TRUE,FALSE,NA,NA,NA,NA,NA,NA,NA,NA,3,3,3,FALSE,FALSE,FALSE,FALSE,4,NA,NA
17044150180000,1704415018,1,1,1999,2002,2002,2002,2002,1999,2002,2002,2022,2025,2022,2026,2018,2026,25,2002,2026,4,4,FALSE,2002,1999,2002,3,TRUE,FALSE,NA,NA,NA,NA,NA,NA,NA,NA,3,3,0,FALSE,FALSE,FALSE,FALSE,4,NA,NA
17064010020000,1706401002,1,2,1999,2002,2002,2002,2002,2002,2002,2000,2022,2025,2022,2026,2026,2026,27,2000,2026,3,3,FALSE,2000,1999,2002,1,TRUE,NA,NA,NA,NA,NA,NA,NA,NA,NA,3,3,3,FALSE,FALSE,FALSE,FALSE,4,NA,NA
17073280170000,1707328017,1,1,1999,2002,2002,2002,2002,1999,1999,2002,2020,2020,2020,2020,2003,2003,26,1999,2026,4,2,TRUE,2002,1999,2002,3,TRUE,FALSE,NA,NA,NA,NA,NA,NA,NA,NA,3,3,0,FALSE,FALSE,FALSE,FALSE,4,NA,NA
17204230210000,1720423021,1,1,1999,2002,2002,2002,2002,1999,1999,2002,2020,2020,2020,2020,2003,2003,26,1999,2026,3,2,TRUE,2002,1999,2002,3,TRUE,FALSE,NA,NA,NA,NA,NA,NA,NA,NA,3,3,0,FALSE,FALSE,FALSE,FALSE,4,NA,NA
17282130050000,1728213005,1,1,2002,2005,2005,2005,2005,2002,2002,2007,2020,2020,2020,2020,2011,2011,26,1999,2026,4,2,TRUE,2007,2002,2005,5,TRUE,FALSE,NA,NA,NA,NA,NA,NA,NA,NA,3,3,0,FALSE,FALSE,FALSE,FALSE,4,NA,NA
20102190240000,2010219024,1,1,1999,2002,2002,2002,2002,1999,2002,2000,2022,2025,2022,2026,2019,2026,27,2000,2026,3,3,FALSE,2000,1999,2002,1,TRUE,FALSE,NA,NA,NA,NA,NA,NA,NA,NA,3,3,0,FALSE,FALSE,FALSE,FALSE,4,NA,NA
20232131090000,2023213109,1,1,2018,2021,2021,2021,2021,2021,2021,2019,2022,2025,2022,2026,2026,2026,8,2019,2026,3,3,FALSE,2019,2018,2021,1,TRUE,FALSE,NA,NA,NA,NA,NA,NA,NA,NA,3,3,3,TRUE,TRUE,TRUE,TRUE,4,NA,NA
09254040490000,0925404049,1,1,2017,2019,2019,2019,2019,2019,2019,2018,2022,2025,2022,2026,2026,2026,28,1999,2026,3,2,TRUE,2018,2017,2019,1,TRUE,FALSE,NA,NA,NA,NA,NA,NA,NA,NA,2,2,2,TRUE,TRUE,TRUE,TRUE,4,NA,NA
09362000100000,0936200010,1,1,1999,2001,2001,2001,2001,1999,2001,2002,2022,2025,2022,2026,2021,2026,28,1999,2026,4,3,TRUE,2002,1999,2001,3,TRUE,FALSE,NA,NA,NA,NA,NA,NA,NA,NA,2,2,0,FALSE,FALSE,FALSE,FALSE,4,NA,NA
09362010150000,0936201015,1,1,2002,2004,2004,2004,2004,2002,2004,2003,2022,2025,2022,2026,2021,2026,27,1999,2026,3,2,TRUE,2003,2002,2004,1,TRUE,FALSE,NA,NA,NA,NA,NA,NA,NA,NA,2,2,0,FALSE,FALSE,FALSE,FALSE,4,NA,NA
09362030390000,0936203039,1,1,2003,2005,2005,2005,2005,2003,2005,2004,2022,2025,2022,2026,2021,2026,28,1999,2026,3,2,TRUE,2004,2003,2005,1,TRUE,FALSE,NA,NA,NA,NA,NA,NA,NA,NA,2,2,0,FALSE,FALSE,FALSE,FALSE,4,NA,NA
09362230040000,0936223004,1,1,2007,2009,2009,2009,2009,2007,2009,2008,2022,2025,2022,2026,2020,2026,28,1999,2026,4,3,TRUE,2008,2007,2009,1,TRUE,FALSE,NA,NA,NA,NA,NA,NA,NA,NA,2,2,0,TRUE,TRUE,TRUE,TRUE,4,NA,NA
09363150020000,0936315002,1,1,2014,2016,2016,2016,2016,2016,2016,2016,2022,2025,2022,2026,2026,2026,28,1999,2026,4,3,TRUE,2016,2014,2016,2,TRUE,TRUE,2675162,2015-09-23,2015,2015-11-25,1,COMPLETE,6555 N OXFORD AVE,ERECT A NEW  2 STORY FRAME SINGLE FAMILY HOME WITH BASEMENT & A 2 CAR FRAME DETACHED GARAGE AS PER PLANS**CERTIFIED CORRECTIONS- - SUBJECT TO FIELD INSPECTIONS & AUDIT **,2,2,2,TRUE,TRUE,TRUE,TRUE,4,-1,1
09363250280000,0936325028,1,1,2014,2016,2016,2016,2016,2014,2016,2016,2022,2025,2022,2026,2021,2026,28,1999,2026,3,2,TRUE,2016,2014,2016,2,TRUE,TRUE,2663560,2015-07-08,2015,2015-09-17,1,COMPLETE,6454 N OLYMPIA AVE,ERECT A NEW 2 STORY FRAME SINGLE FAMILY HOME WITH BASEMENT AND FRONT PORCH ALSO NEW 3 CAR FRAME GARAGE ALLEY ACCESS,2,2,0,TRUE,TRUE,TRUE,TRUE,4,-1,1
